{"cameraMode":{"drawMode":0,"name":"Shaded","section":"Shading Mode"},"sceneLighting":true,"audioPlay":false,"sceneViewState":{"showFog":false,"showMaterialUpdate":false,"showSkybox":false,"showFlares":false,"showImageEffects":false,"showParticleSystems":false},"in2DMode":false,"pivot":{"x":-92.73992156982422,"y":18.19240379333496,"z":10.606037139892579},"rotation":{"x":-0.2468618005514145,"y":0.22764992713928224,"z":-0.05978371948003769,"w":-0.9400379061698914},"size":47.34843826293945,"orthographic":false}