{"cameraMode":{"drawMode":0,"name":"Shaded","section":"Shading Mode"},"sceneLighting":false,"audioPlay":false,"sceneViewState":{"showFog":false,"showMaterialUpdate":false,"showSkybox":false,"showFlares":false,"showImageEffects":false,"showParticleSystems":false},"in2DMode":false,"pivot":{"x":0.0,"y":0.8646910190582275,"z":-11.647381782531739},"rotation":{"x":0.004998187534511089,"y":-0.9929585456848145,"z":0.10948606580495835,"w":0.04656405374407768},"size":4.860511779785156,"orthographic":false}