{"cameraMode":{"drawMode":0,"name":"Shaded","section":"Shading Mode"},"sceneLighting":false,"audioPlay":false,"sceneViewState":{"showFog":false,"showMaterialUpdate":false,"showSkybox":false,"showFlares":false,"showImageEffects":false,"showParticleSystems":false},"in2DMode":false,"pivot":{"x":-1.5104365348815919,"y":0.6134004592895508,"z":-0.03588604927062988},"rotation":{"x":0.5047361850738525,"y":0.0751708596944809,"z":-0.044198177754879,"w":0.8588663935661316},"size":5.742555141448975,"orthographic":false}