{"cameraMode":{"drawMode":0,"name":"Shaded","section":"Shading Mode"},"sceneLighting":false,"audioPlay":false,"sceneViewState":{"showFog":false,"showMaterialUpdate":false,"showSkybox":false,"showFlares":false,"showImageEffects":false,"showParticleSystems":false},"in2DMode":false,"pivot":{"x":0.0,"y":0.25102004408836367,"z":-9.5367431640625e-7},"rotation":{"x":0.0017826402327045799,"y":-0.9806814789772034,"z":0.19554117321968079,"w":0.009121830575168133},"size":4.001965522766113,"orthographic":false}