{"cameraMode":{"drawMode":0,"name":"Shaded","section":"Shading Mode"},"sceneLighting":false,"audioPlay":false,"sceneViewState":{"showFog":false,"showMaterialUpdate":false,"showSkybox":false,"showFlares":false,"showImageEffects":false,"showParticleSystems":false},"in2DMode":false,"pivot":{"x":0.0000019073486328125,"y":0.587607204914093,"z":9.5367431640625e-7},"rotation":{"x":-0.03179559111595154,"y":0.967289388179779,"z":-0.1989106982946396,"w":-0.1545581966638565},"size":2.4947266578674318,"orthographic":false}