{"cameraMode":{"drawMode":0,"name":"Shaded","section":"Shading Mode"},"sceneLighting":false,"audioPlay":false,"sceneViewState":{"showFog":false,"showMaterialUpdate":false,"showSkybox":false,"showFlares":false,"showImageEffects":false,"showParticleSystems":false},"in2DMode":false,"pivot":{"x":-0.35941189527511599,"y":1.2327756881713868,"z":-0.14616966247558595},"rotation":{"x":0.014453068375587464,"y":-0.9852152466773987,"z":0.10712795704603195,"w":0.13292217254638673},"size":3.060512065887451,"orthographic":false}