{"cameraMode":{"drawMode":0,"name":"Shaded","section":"Shading Mode"},"sceneLighting":true,"audioPlay":false,"sceneViewState":{"showFog":false,"showMaterialUpdate":false,"showSkybox":false,"showFlares":false,"showImageEffects":false,"showParticleSystems":false},"in2DMode":false,"pivot":{"x":-4.267457008361816,"y":-3.2730143070220949,"z":-23.428791046142579},"rotation":{"x":0.15165205299854279,"y":-0.8469520807266235,"z":0.3715551197528839,"w":0.349615216255188},"size":10.28750228881836,"orthographic":false}