{"cameraMode":{"drawMode":0,"name":"Shaded","section":"Shading Mode"},"sceneLighting":false,"audioPlay":false,"sceneViewState":{"showFog":false,"showMaterialUpdate":false,"showSkybox":false,"showFlares":false,"showImageEffects":false,"showParticleSystems":false},"in2DMode":false,"pivot":{"x":-1.856208324432373,"y":0.3080759048461914,"z":2.937666416168213},"rotation":{"x":-0.1869277060031891,"y":-0.8129891753196716,"z":0.397571861743927,"w":-0.38233765959739687},"size":14.570324897766114,"orthographic":false}