{"cameraMode":{"drawMode":0,"name":"Shaded","section":"Shading Mode"},"sceneLighting":false,"audioPlay":false,"sceneViewState":{"showFog":false,"showMaterialUpdate":false,"showSkybox":false,"showFlares":false,"showImageEffects":false,"showParticleSystems":false},"in2DMode":false,"pivot":{"x":0.4619125723838806,"y":0.04064524546265602,"z":-12.010234832763672},"rotation":{"x":-0.006665102671831846,"y":0.799777090549469,"z":0.008878632448613644,"w":0.6002016663551331},"size":1.4547655582427979,"orthographic":false}