{"cameraMode":{"drawMode":0,"name":"Shaded","section":"Shading Mode"},"sceneLighting":false,"audioPlay":false,"sceneViewState":{"showFog":true,"showMaterialUpdate":false,"showSkybox":false,"showFlares":true,"showImageEffects":true,"showParticleSystems":true},"in2DMode":false,"pivot":{"x":648.8978881835938,"y":320.2086486816406,"z":-11.23870849609375},"rotation":{"x":-0.01168517954647541,"y":0.0025250392500311138,"z":-0.000031250387110048905,"w":-0.9999284148216248},"size":721.3585205078125,"orthographic":false}