{"cameraMode":{"drawMode":0,"name":"Shaded","section":"Shading Mode"},"sceneLighting":false,"audioPlay":false,"sceneViewState":{"showFog":false,"showMaterialUpdate":false,"showSkybox":false,"showFlares":false,"showImageEffects":false,"showParticleSystems":false},"in2DMode":false,"pivot":{"x":-1.12648344039917,"y":3.608412742614746,"z":0.16050854325294496},"rotation":{"x":0.3088025450706482,"y":-0.6211821436882019,"z":0.2911677658557892,"w":0.6588342189788818},"size":5.303895950317383,"orthographic":false}