{"cameraMode":{"drawMode":0,"name":"Shaded","section":"Shading Mode"},"sceneLighting":false,"audioPlay":false,"sceneViewState":{"showFog":false,"showMaterialUpdate":false,"showSkybox":false,"showFlares":false,"showImageEffects":false,"showParticleSystems":false},"in2DMode":false,"pivot":{"x":1.2684345245361329,"y":1.6277954578399659,"z":-41.60821533203125},"rotation":{"x":-0.00032963030389510095,"y":-0.9990921020507813,"z":0.007803390268236399,"w":-0.04256576672196388},"size":8.614253997802735,"orthographic":false}