{"cameraMode":{"drawMode":0,"name":"Shaded","section":"Shading Mode"},"sceneLighting":true,"audioPlay":false,"sceneViewState":{"showFog":false,"showMaterialUpdate":false,"showSkybox":false,"showFlares":false,"showImageEffects":false,"showParticleSystems":false},"in2DMode":false,"pivot":{"x":19.952503204345704,"y":-5.032301902770996,"z":-13.765271186828614},"rotation":{"x":0.0667654350399971,"y":0.8798958659172058,"z":-0.1294274777173996,"w":0.45273488759994509},"size":25.883745193481447,"orthographic":false}