{"cameraMode":{"drawMode":0,"name":"Shaded","section":"Shading Mode"},"sceneLighting":false,"audioPlay":false,"sceneViewState":{"showFog":false,"showMaterialUpdate":false,"showSkybox":false,"showFlares":false,"showImageEffects":false,"showParticleSystems":false},"in2DMode":false,"pivot":{"x":-0.8888915777206421,"y":-1.7827301025390626,"z":-6.883176803588867},"rotation":{"x":0.5625967979431152,"y":0.15043742954730988,"z":-0.10500025749206543,"w":0.8061376810073853},"size":11.786441802978516,"orthographic":false}