{"cameraMode":{"drawMode":0,"name":"Shaded","section":"Shading Mode"},"sceneLighting":false,"audioPlay":false,"sceneViewState":{"showFog":false,"showMaterialUpdate":false,"showSkybox":false,"showFlares":false,"showImageEffects":false,"showParticleSystems":false},"in2DMode":false,"pivot":{"x":0.0,"y":0.8221712112426758,"z":-0.0000011920928955078126},"rotation":{"x":-0.31682202219963076,"y":-0.6681596040725708,"z":0.3822888135910034,"w":-0.5549169182777405},"size":7.162761688232422,"orthographic":false}