{"cameraMode":{"drawMode":0,"name":"Shaded","section":"Shading Mode"},"sceneLighting":true,"audioPlay":false,"sceneViewState":{"showFog":false,"showMaterialUpdate":false,"showSkybox":false,"showFlares":false,"showImageEffects":false,"showParticleSystems":false},"in2DMode":false,"pivot":{"x":66.42035675048828,"y":-0.13973569869995118,"z":12.612043380737305},"rotation":{"x":0.17825935781002046,"y":0.6279199123382568,"z":-0.1511983424425125,"w":0.7429683804512024},"size":10.662923812866211,"orthographic":false}