{"cameraMode":{"drawMode":0,"name":"Shaded","section":"Shading Mode"},"sceneLighting":false,"audioPlay":false,"sceneViewState":{"showFog":false,"showMaterialUpdate":false,"showSkybox":false,"showFlares":false,"showImageEffects":false,"showParticleSystems":false},"in2DMode":false,"pivot":{"x":1286.894287109375,"y":412.4180603027344,"z":-3.13104248046875},"rotation":{"x":-0.125263512134552,"y":-0.04143023490905762,"z":0.005282707046717405,"w":-0.9912868142127991},"size":1445.0140380859375,"orthographic":false}