{"cameraMode":{"drawMode":0,"name":"Shaded","section":"Shading Mode"},"sceneLighting":false,"audioPlay":false,"sceneViewState":{"showFog":false,"showMaterialUpdate":false,"showSkybox":false,"showFlares":false,"showImageEffects":false,"showParticleSystems":false},"in2DMode":false,"pivot":{"x":439.81396484375,"y":313.9783935546875,"z":132.3779296875},"rotation":{"x":0.05642080679535866,"y":0.1701074093580246,"z":0.009831267409026623,"w":-0.9838039875030518},"size":836.0523681640625,"orthographic":false}