{"cameraMode":{"drawMode":0,"name":"Shaded","section":"Shading Mode"},"sceneLighting":false,"audioPlay":false,"sceneViewState":{"showFog":false,"showMaterialUpdate":false,"showSkybox":false,"showFlares":false,"showImageEffects":false,"showParticleSystems":false},"in2DMode":false,"pivot":{"x":-9.914690971374512,"y":1.6463543176651,"z":-15.64028263092041},"rotation":{"x":-0.012968170456588269,"y":0.9870328903198242,"z":-0.11632294952869415,"w":-0.11002660542726517},"size":1.2336881160736085,"orthographic":false}