{"cameraMode":{"drawMode":0,"name":"Shaded","section":"Shading Mode"},"sceneLighting":false,"audioPlay":false,"sceneViewState":{"showFog":false,"showMaterialUpdate":false,"showSkybox":false,"showFlares":false,"showImageEffects":false,"showParticleSystems":false},"in2DMode":false,"pivot":{"x":3.9601340293884279,"y":-2.236984968185425,"z":-0.8981237411499023},"rotation":{"x":0.1670539230108261,"y":0.7540621757507324,"z":-0.21018607914447785,"w":0.5994867086410523},"size":5.804906845092773,"orthographic":false}