{"cameraMode":{"drawMode":0,"name":"Shaded","section":"Shading Mode"},"sceneLighting":false,"audioPlay":false,"sceneViewState":{"showFog":false,"showMaterialUpdate":false,"showSkybox":false,"showFlares":false,"showImageEffects":false,"showParticleSystems":false},"in2DMode":false,"pivot":{"x":-2.247293472290039,"y":3.3831229209899904,"z":0.7184046506881714},"rotation":{"x":0.07341703027486801,"y":-0.5587265491485596,"z":0.049771469086408618,"w":0.8246293067932129},"size":5.144721984863281,"orthographic":false}