{"cameraMode":{"drawMode":0,"name":"Shaded","section":"Shading Mode"},"sceneLighting":false,"audioPlay":false,"sceneViewState":{"showFog":true,"showMaterialUpdate":false,"showSkybox":false,"showFlares":true,"showImageEffects":true,"showParticleSystems":true},"in2DMode":false,"pivot":{"x":0.2023208737373352,"y":0.5145154595375061,"z":-11.149653434753418},"rotation":{"x":0.010312162339687348,"y":0.9893856048583984,"z":-0.11448591947555542,"w":0.08922622352838516},"size":4.139270782470703,"orthographic":false}