{"cameraMode":{"drawMode":0,"name":"Shaded","section":"Shading Mode"},"sceneLighting":false,"audioPlay":false,"sceneViewState":{"showFog":false,"showMaterialUpdate":false,"showSkybox":false,"showFlares":false,"showImageEffects":false,"showParticleSystems":false},"in2DMode":false,"pivot":{"x":-0.005848407745361328,"y":0.13606595993041993,"z":0.9557318687438965},"rotation":{"x":-0.3434184193611145,"y":-0.6277346014976502,"z":0.3600981533527374,"w":-0.5986721515655518},"size":6.877172946929932,"orthographic":false}