{"cameraMode":{"drawMode":0,"name":"Shaded","section":"Shading Mode"},"sceneLighting":false,"audioPlay":false,"sceneViewState":{"showFog":true,"showMaterialUpdate":false,"showSkybox":false,"showFlares":true,"showImageEffects":true,"showParticleSystems":true},"in2DMode":false,"pivot":{"x":-5.960464477539063e-8,"y":0.11176519095897675,"z":-2.9802322387695315e-8},"rotation":{"x":-0.050239939242601398,"y":-0.12894755601882935,"z":0.006539636757224798,"w":-0.9903560280799866},"size":1.962053656578064,"orthographic":false}