{"cameraMode":{"drawMode":0,"name":"Shaded","section":"Shading Mode"},"sceneLighting":false,"audioPlay":false,"sceneViewState":{"showFog":false,"showMaterialUpdate":false,"showSkybox":false,"showFlares":false,"showImageEffects":false,"showParticleSystems":false},"in2DMode":false,"pivot":{"x":1.0323656797409058,"y":2.025071620941162,"z":-6.601093292236328},"rotation":{"x":-0.006165598053485155,"y":-0.9085567593574524,"z":0.417575478553772,"w":-0.013350055553019047},"size":1.0851047039031983,"orthographic":false}