{"cameraMode":{"drawMode":0,"name":"Shaded","section":"Shading Mode"},"sceneLighting":false,"audioPlay":false,"sceneViewState":{"showFog":false,"showMaterialUpdate":false,"showSkybox":false,"showFlares":false,"showImageEffects":false,"showParticleSystems":false},"in2DMode":false,"pivot":{"x":0.0,"y":0.5356382131576538,"z":0.5632133483886719},"rotation":{"x":0.10269489884376526,"y":0.8734296560287476,"z":-0.20986701548099519,"w":0.42736828327178957},"size":6.0485334396362309,"orthographic":false}