{"cameraMode":{"drawMode":0,"name":"Shaded","section":"Shading Mode"},"sceneLighting":true,"audioPlay":false,"sceneViewState":{"showFog":false,"showMaterialUpdate":false,"showSkybox":false,"showFlares":false,"showImageEffects":false,"showParticleSystems":false},"in2DMode":false,"pivot":{"x":-19.755985260009767,"y":-0.5891819000244141,"z":-11.849858283996582},"rotation":{"x":-0.17799997329711915,"y":-0.6883997321128845,"z":0.1803799271583557,"w":-0.679688572883606},"size":10.53498649597168,"orthographic":false}