{"cameraMode":{"drawMode":0,"name":"Shaded","section":"Shading Mode"},"sceneLighting":false,"audioPlay":false,"sceneViewState":{"showFog":false,"showMaterialUpdate":false,"showSkybox":false,"showFlares":false,"showImageEffects":false,"showParticleSystems":false},"in2DMode":false,"pivot":{"x":-8.067607879638672,"y":-6.707109451293945,"z":-6.187943458557129},"rotation":{"x":0.12707684934139253,"y":-0.8575506210327148,"z":0.2531483471393585,"w":0.4298645257949829},"size":18.917766571044923,"orthographic":false}