{"cameraMode":{"drawMode":0,"name":"Shaded","section":"Shading Mode"},"sceneLighting":false,"audioPlay":false,"sceneViewState":{"showFog":false,"showMaterialUpdate":false,"showSkybox":false,"showFlares":false,"showImageEffects":false,"showParticleSystems":false},"in2DMode":false,"pivot":{"x":-0.00006198883056640625,"y":7.059530735015869,"z":0.011607170104980469},"rotation":{"x":0.03797454759478569,"y":0.9466102719306946,"z":-0.296257883310318,"w":0.12133723497390747},"size":17.675752639770509,"orthographic":false}