{"cameraMode":{"drawMode":0,"name":"Shaded","section":"Shading Mode"},"sceneLighting":true,"audioPlay":false,"sceneViewState":{"showFog":false,"showMaterialUpdate":false,"showSkybox":false,"showFlares":false,"showImageEffects":false,"showParticleSystems":false},"in2DMode":false,"pivot":{"x":-1.5863380432128907,"y":-15.642389297485352,"z":-15.385818481445313},"rotation":{"x":-0.21522313356399537,"y":-0.37981870770454409,"z":0.09110613167285919,"w":-0.8954252004623413},"size":69.5564193725586,"orthographic":false}