{"cameraMode":{"drawMode":0,"name":"Shaded","section":"Shading Mode"},"sceneLighting":false,"audioPlay":false,"sceneViewState":{"showFog":false,"showMaterialUpdate":false,"showSkybox":false,"showFlares":false,"showImageEffects":false,"showParticleSystems":false},"in2DMode":false,"pivot":{"x":-0.7999773025512695,"y":1.0338571071624756,"z":-10.955772399902344},"rotation":{"x":0.1826246976852417,"y":0.29846784472465517,"z":-0.058301620185375217,"w":0.9349759817123413},"size":2.01981520652771,"orthographic":false}