{"cameraMode":{"drawMode":0,"name":"Shaded","section":"Shading Mode"},"sceneLighting":false,"audioPlay":false,"sceneViewState":{"showFog":false,"showMaterialUpdate":false,"showSkybox":false,"showFlares":false,"showImageEffects":false,"showParticleSystems":false},"in2DMode":false,"pivot":{"x":-1.6555324792861939,"y":2.6362416744232179,"z":-12.393011093139649},"rotation":{"x":0.004998187534511089,"y":-0.9929585456848145,"z":0.10948606580495835,"w":0.04656405374407768},"size":12.091119766235352,"orthographic":false}