{"cameraMode":{"drawMode":0,"name":"Shaded","section":"Shading Mode"},"sceneLighting":false,"audioPlay":false,"sceneViewState":{"showFog":false,"showMaterialUpdate":false,"showSkybox":false,"showFlares":false,"showImageEffects":false,"showParticleSystems":false},"in2DMode":false,"pivot":{"x":0.032851219177246097,"y":0.46929931640625,"z":0.07123279571533203},"rotation":{"x":0.1387026160955429,"y":-0.6916022300720215,"z":0.13830427825450898,"w":0.6953839063644409},"size":2.0156822204589845,"orthographic":false}