{"cameraMode":{"drawMode":0,"name":"Shaded","section":"Shading Mode"},"sceneLighting":false,"audioPlay":false,"sceneViewState":{"showFog":false,"showMaterialUpdate":false,"showSkybox":false,"showFlares":false,"showImageEffects":false,"showParticleSystems":false},"in2DMode":false,"pivot":{"x":0.000011444091796875,"y":5.516852378845215,"z":0.0000019073486328125},"rotation":{"x":-0.20014385879039765,"y":0.6158044338226318,"z":-0.16565503180027009,"w":-0.7438828945159912},"size":143.5225372314453,"orthographic":false}