{"cameraMode":{"drawMode":0,"name":"Shaded","section":"Shading Mode"},"sceneLighting":false,"audioPlay":false,"sceneViewState":{"showFog":true,"showMaterialUpdate":false,"showSkybox":false,"showFlares":true,"showImageEffects":true,"showParticleSystems":true},"in2DMode":false,"pivot":{"x":-0.5126957893371582,"y":0.9125229120254517,"z":-12.559898376464844},"rotation":{"x":0.004998187534511089,"y":-0.9929585456848145,"z":0.10948606580495835,"w":0.04656405374407768},"size":2.9744510650634767,"orthographic":false}