{"cameraMode":{"drawMode":0,"name":"Shaded","section":"Shading Mode"},"sceneLighting":false,"audioPlay":false,"sceneViewState":{"showFog":false,"showMaterialUpdate":false,"showSkybox":false,"showFlares":false,"showImageEffects":false,"showParticleSystems":false},"in2DMode":false,"pivot":{"x":919.0128784179688,"y":415.9624328613281,"z":-551.83349609375},"rotation":{"x":0.07610528916120529,"y":-0.017666369676589967,"z":-0.0013474911684170366,"w":-0.9969502687454224},"size":830.50244140625,"orthographic":false}