{"cameraMode":{"drawMode":0,"name":"Shaded","section":"Shading Mode"},"sceneLighting":false,"audioPlay":false,"sceneViewState":{"showFog":false,"showMaterialUpdate":false,"showSkybox":false,"showFlares":false,"showImageEffects":false,"showParticleSystems":false},"in2DMode":false,"pivot":{"x":-0.043873727321624759,"y":0.8547489643096924,"z":0.023011505603790284},"rotation":{"x":0.041398078203201297,"y":0.9560661911964417,"z":-0.16419942677021027,"w":0.24010293185710908},"size":2.179858922958374,"orthographic":false}