{"cameraMode":{"drawMode":0,"name":"Shaded","section":"Shading Mode"},"sceneLighting":false,"audioPlay":false,"sceneViewState":{"showFog":true,"showMaterialUpdate":false,"showSkybox":false,"showFlares":true,"showImageEffects":true,"showParticleSystems":true},"in2DMode":false,"pivot":{"x":0.0,"y":0.08593052625656128,"z":5.960464477539063e-8},"rotation":{"x":-0.2428990602493286,"y":-0.0499073788523674,"z":0.012512502260506153,"w":-0.9686856269836426},"size":1.647698163986206,"orthographic":false}