{"cameraMode":{"drawMode":0,"name":"Shaded","section":"Shading Mode"},"sceneLighting":true,"audioPlay":false,"sceneViewState":{"showFog":false,"showMaterialUpdate":false,"showSkybox":false,"showFlares":false,"showImageEffects":false,"showParticleSystems":false},"in2DMode":false,"pivot":{"x":-1.784529685974121,"y":0.6679468154907227,"z":-8.678289413452149},"rotation":{"x":0.047702305018901828,"y":-0.9464389681816101,"z":0.16520214080810548,"w":0.2732875347137451},"size":27.075416564941408,"orthographic":false}