{"cameraMode":{"drawMode":0,"name":"Shaded","section":"Shading Mode"},"sceneLighting":false,"audioPlay":false,"sceneViewState":{"showFog":false,"showMaterialUpdate":false,"showSkybox":false,"showFlares":false,"showImageEffects":false,"showParticleSystems":false},"in2DMode":false,"pivot":{"x":-5.960464477539063e-8,"y":0.6042107343673706,"z":5.960464477539063e-8},"rotation":{"x":0.09881740808486939,"y":-0.8939801454544067,"z":0.36311617493629458,"w":0.24338817596435548},"size":2.384171485900879,"orthographic":false}