{"cameraMode":{"drawMode":0,"name":"Shaded","section":"Shading Mode"},"sceneLighting":false,"audioPlay":false,"sceneViewState":{"showFog":false,"showMaterialUpdate":false,"showSkybox":false,"showFlares":false,"showImageEffects":false,"showParticleSystems":false},"in2DMode":false,"pivot":{"x":-1.2240921258926392,"y":0.9018504619598389,"z":-4.452910423278809},"rotation":{"x":0.03592390567064285,"y":0.9638331532478333,"z":-0.17509309947490693,"w":0.1978294551372528},"size":5.210078239440918,"orthographic":false}