{"cameraMode":{"drawMode":0,"name":"Shaded","section":"Shading Mode"},"sceneLighting":false,"audioPlay":false,"sceneViewState":{"showFog":false,"showMaterialUpdate":false,"showSkybox":false,"showFlares":false,"showImageEffects":false,"showParticleSystems":false},"in2DMode":false,"pivot":{"x":0.0749533399939537,"y":2.666378974914551,"z":1.642700433731079},"rotation":{"x":0.00010486233804840595,"y":-0.8977113366127014,"z":0.4406535029411316,"w":0.00027708112611435354},"size":8.453408241271973,"orthographic":false}