{"cameraMode":{"drawMode":0,"name":"Shaded","section":"Shading Mode"},"sceneLighting":false,"audioPlay":false,"sceneViewState":{"showFog":false,"showMaterialUpdate":false,"showSkybox":false,"showFlares":false,"showImageEffects":false,"showParticleSystems":false},"in2DMode":false,"pivot":{"x":-0.08472144603729248,"y":1.8006776571273804,"z":-0.02253413200378418},"rotation":{"x":0.3036212623119354,"y":-0.48243826627731326,"z":0.1822756677865982,"w":0.8017112612724304},"size":8.236852645874024,"orthographic":false}