{"cameraMode":{"drawMode":0,"name":"Shaded","section":"Shading Mode"},"sceneLighting":false,"audioPlay":false,"sceneViewState":{"showFog":true,"showMaterialUpdate":false,"showSkybox":false,"showFlares":true,"showImageEffects":true,"showParticleSystems":true},"in2DMode":false,"pivot":{"x":-1.1920928955078126e-7,"y":0.8587489128112793,"z":-0.02791529893875122},"rotation":{"x":-0.009288274683058262,"y":0.879088282585144,"z":-0.017144376412034036,"w":-0.4762605130672455},"size":2.6910979747772219,"orthographic":false}