{"cameraMode":{"drawMode":0,"name":"Shaded","section":"Shading Mode"},"sceneLighting":false,"audioPlay":false,"sceneViewState":{"showFog":false,"showMaterialUpdate":false,"showSkybox":false,"showFlares":false,"showImageEffects":false,"showParticleSystems":false},"in2DMode":false,"pivot":{"x":-0.4321915805339813,"y":0.8994461297988892,"z":-11.600035667419434},"rotation":{"x":0.0884220078587532,"y":-0.9115422368049622,"z":0.2882881164550781,"w":0.27958422899246218},"size":5.231861591339111,"orthographic":false}