{"cameraMode":{"drawMode":0,"name":"Shaded","section":"Shading Mode"},"sceneLighting":false,"audioPlay":false,"sceneViewState":{"showFog":false,"showMaterialUpdate":false,"showSkybox":false,"showFlares":false,"showImageEffects":false,"showParticleSystems":false},"in2DMode":false,"pivot":{"x":-1.1317497491836548,"y":0.28626155853271487,"z":-3.5918731689453127},"rotation":{"x":-0.010384393855929375,"y":0.9848353862762451,"z":-0.1612672656774521,"w":-0.0633138120174408},"size":9.408541679382325,"orthographic":false}