{"cameraMode":{"drawMode":0,"name":"Shaded","section":"Shading Mode"},"sceneLighting":true,"audioPlay":false,"sceneViewState":{"showFog":false,"showMaterialUpdate":false,"showSkybox":false,"showFlares":false,"showImageEffects":false,"showParticleSystems":false},"in2DMode":false,"pivot":{"x":25.631057739257814,"y":-18.16724395751953,"z":-6.5300188064575199},"rotation":{"x":-0.18242523074150086,"y":-0.717501163482666,"z":0.20438191294670106,"w":-0.6404321193695068},"size":88.70453643798828,"orthographic":false}