{"cameraMode":{"drawMode":0,"name":"Shaded","section":"Shading Mode"},"sceneLighting":false,"audioPlay":false,"sceneViewState":{"showFog":false,"showMaterialUpdate":false,"showSkybox":false,"showFlares":false,"showImageEffects":false,"showParticleSystems":false},"in2DMode":false,"pivot":{"x":0.15400733053684236,"y":1.950972080230713,"z":-1.2356488704681397},"rotation":{"x":-0.008087484166026116,"y":-0.9620814323425293,"z":0.2712533473968506,"w":-0.02857941947877407},"size":2.6228792667388918,"orthographic":false}