{"cameraMode":{"drawMode":0,"name":"Shaded","section":"Shading Mode"},"sceneLighting":false,"audioPlay":false,"sceneViewState":{"showFog":false,"showMaterialUpdate":false,"showSkybox":false,"showFlares":false,"showImageEffects":false,"showParticleSystems":false},"in2DMode":false,"pivot":{"x":-1.439052939414978,"y":1.3076345920562745,"z":-2.811802864074707},"rotation":{"x":0.007897337898612023,"y":-0.9853038191795349,"z":0.1643819361925125,"w":0.04724768176674843},"size":11.880724906921387,"orthographic":false}