{"cameraMode":{"drawMode":0,"name":"Shaded","section":"Shading Mode"},"sceneLighting":false,"audioPlay":false,"sceneViewState":{"showFog":false,"showMaterialUpdate":false,"showSkybox":false,"showFlares":false,"showImageEffects":false,"showParticleSystems":false},"in2DMode":false,"pivot":{"x":15.840028762817383,"y":1.6601608991622925,"z":-14.92284107208252},"rotation":{"x":0.0035267265047878029,"y":0.9833455085754395,"z":-0.18077853322029115,"w":0.019162848591804506},"size":2.1053335666656496,"orthographic":false}