{"cameraMode":{"drawMode":0,"name":"Shaded","section":"Shading Mode"},"sceneLighting":false,"audioPlay":false,"sceneViewState":{"showFog":false,"showMaterialUpdate":false,"showSkybox":false,"showFlares":false,"showImageEffects":false,"showParticleSystems":false},"in2DMode":false,"pivot":{"x":2.304086923599243,"y":1.4486302137374879,"z":4.096313953399658},"rotation":{"x":0.08497123420238495,"y":-0.652775228023529,"z":0.07433418184518814,"w":0.7492508292198181},"size":1.0601201057434083,"orthographic":false}