{"cameraMode":{"drawMode":0,"name":"Shaded","section":"Shading Mode"},"sceneLighting":false,"audioPlay":false,"sceneViewState":{"showFog":false,"showMaterialUpdate":false,"showSkybox":false,"showFlares":false,"showImageEffects":false,"showParticleSystems":false},"in2DMode":false,"pivot":{"x":-0.004449367523193359,"y":3.4487357139587404,"z":-8.32905387878418},"rotation":{"x":0.0027396136429160835,"y":-0.9924103021621704,"z":0.1214885264635086,"w":0.022249609231948854},"size":16.39708137512207,"orthographic":false}