{"cameraMode":{"drawMode":0,"name":"Shaded","section":"Shading Mode"},"sceneLighting":true,"audioPlay":false,"sceneViewState":{"showFog":false,"showMaterialUpdate":false,"showSkybox":false,"showFlares":false,"showImageEffects":false,"showParticleSystems":false},"in2DMode":false,"pivot":{"x":14.21663761138916,"y":-17.208913803100587,"z":38.82923889160156},"rotation":{"x":-0.2224264144897461,"y":0.14329580962657929,"z":-0.03307069092988968,"w":-0.9637995958328247},"size":75.29763793945313,"orthographic":false}