{"cameraMode":{"drawMode":0,"name":"Shaded","section":"Shading Mode"},"sceneLighting":false,"audioPlay":false,"sceneViewState":{"showFog":true,"showMaterialUpdate":false,"showSkybox":false,"showFlares":true,"showImageEffects":true,"showParticleSystems":true},"in2DMode":false,"pivot":{"x":-0.35460591316223147,"y":0.046815723180770877,"z":0.0036656856536865236},"rotation":{"x":-0.2428990602493286,"y":-0.0499073788523674,"z":0.012512502260506153,"w":-0.9686856269836426},"size":7.20656681060791,"orthographic":false}