{"cameraMode":{"drawMode":0,"name":"Shaded","section":"Shading Mode"},"sceneLighting":true,"audioPlay":false,"sceneViewState":{"showFog":false,"showMaterialUpdate":false,"showSkybox":false,"showFlares":false,"showImageEffects":false,"showParticleSystems":false},"in2DMode":false,"pivot":{"x":-0.3514934778213501,"y":8.932437896728516,"z":-0.24020957946777345},"rotation":{"x":-0.003232202958315611,"y":-0.9797468781471252,"z":0.19962386786937715,"w":-0.015877310186624528},"size":33.33021926879883,"orthographic":false}