{"cameraMode":{"drawMode":0,"name":"Shaded","section":"Shading Mode"},"sceneLighting":false,"audioPlay":false,"sceneViewState":{"showFog":false,"showMaterialUpdate":false,"showSkybox":false,"showFlares":false,"showImageEffects":false,"showParticleSystems":false},"in2DMode":false,"pivot":{"x":-4.01647424697876,"y":1.0593152046203614,"z":-8.694095611572266},"rotation":{"x":0.0017826402327045799,"y":-0.9806814789772034,"z":0.19554117321968079,"w":0.009121830575168133},"size":37.4306755065918,"orthographic":false}