{"cameraMode":{"drawMode":0,"name":"Shaded","section":"Shading Mode"},"sceneLighting":false,"audioPlay":false,"sceneViewState":{"showFog":false,"showMaterialUpdate":false,"showSkybox":false,"showFlares":false,"showImageEffects":false,"showParticleSystems":false},"in2DMode":false,"pivot":{"x":-0.21589264273643495,"y":1.9245901107788087,"z":1.5288009643554688},"rotation":{"x":-0.03903650864958763,"y":0.8998122215270996,"z":-0.42670711874961855,"w":-0.08229108899831772},"size":3.684434413909912,"orthographic":false}