{"cameraMode":{"drawMode":0,"name":"Shaded","section":"Shading Mode"},"sceneLighting":false,"audioPlay":false,"sceneViewState":{"showFog":false,"showMaterialUpdate":false,"showSkybox":false,"showFlares":false,"showImageEffects":false,"showParticleSystems":false},"in2DMode":false,"pivot":{"x":0.019528865814208986,"y":1.666845679283142,"z":0.03415191173553467},"rotation":{"x":0.07341703027486801,"y":-0.5587265491485596,"z":0.049771469086408618,"w":0.8246293067932129},"size":9.04442024230957,"orthographic":false}