{"cameraMode":{"drawMode":0,"name":"Shaded","section":"Shading Mode"},"sceneLighting":false,"audioPlay":false,"sceneViewState":{"showFog":false,"showMaterialUpdate":false,"showSkybox":false,"showFlares":false,"showImageEffects":false,"showParticleSystems":false},"in2DMode":false,"pivot":{"x":10.655952453613282,"y":1.0920453071594239,"z":-43.35814666748047},"rotation":{"x":-0.012661691755056382,"y":0.9860453605651856,"z":-0.1402730792760849,"w":-0.0889979749917984},"size":15.828978538513184,"orthographic":false}