{"cameraMode":{"drawMode":0,"name":"Shaded","section":"Shading Mode"},"sceneLighting":false,"audioPlay":false,"sceneViewState":{"showFog":false,"showMaterialUpdate":false,"showSkybox":false,"showFlares":false,"showImageEffects":false,"showParticleSystems":false},"in2DMode":false,"pivot":{"x":6.498276710510254,"y":1.0041131973266602,"z":-0.5345067977905273},"rotation":{"x":-0.009405565448105336,"y":-0.9355660080909729,"z":0.35214924812316897,"w":-0.02498891018331051},"size":21.434431076049806,"orthographic":false}