{"cameraMode":{"drawMode":0,"name":"Shaded","section":"Shading Mode"},"sceneLighting":false,"audioPlay":false,"sceneViewState":{"showFog":false,"showMaterialUpdate":false,"showSkybox":false,"showFlares":false,"showImageEffects":false,"showParticleSystems":false},"in2DMode":false,"pivot":{"x":0.009775981307029724,"y":1.0,"z":-0.0112990140914917},"rotation":{"x":0.3798549771308899,"y":0.14506767690181733,"z":-0.06044605374336243,"w":0.9116023778915405},"size":4.041658401489258,"orthographic":false}