{"cameraMode":{"drawMode":0,"name":"Shaded","section":"Shading Mode"},"sceneLighting":true,"audioPlay":false,"sceneViewState":{"showFog":false,"showMaterialUpdate":false,"showSkybox":false,"showFlares":false,"showImageEffects":false,"showParticleSystems":false},"in2DMode":false,"pivot":{"x":23.243989944458009,"y":-1.3934326171875,"z":11.833499908447266},"rotation":{"x":-0.21131499111652375,"y":-0.617618978023529,"z":0.17709720134735108,"w":-0.7366554737091065},"size":24.074535369873048,"orthographic":false}