{"cameraMode":{"drawMode":0,"name":"Shaded","section":"Shading Mode"},"sceneLighting":false,"audioPlay":false,"sceneViewState":{"showFog":false,"showMaterialUpdate":false,"showSkybox":false,"showFlares":false,"showImageEffects":false,"showParticleSystems":false},"in2DMode":false,"pivot":{"x":-20.211284637451173,"y":0.16295480728149415,"z":2.7034895420074465},"rotation":{"x":0.03526020050048828,"y":0.9191988110542297,"z":-0.3830215334892273,"w":0.08462304621934891},"size":0.7100772261619568,"orthographic":false}