{"cameraMode":{"drawMode":0,"name":"Shaded","section":"Shading Mode"},"sceneLighting":false,"audioPlay":false,"sceneViewState":{"showFog":false,"showMaterialUpdate":false,"showSkybox":false,"showFlares":false,"showImageEffects":false,"showParticleSystems":false},"in2DMode":false,"pivot":{"x":0.4897238612174988,"y":1.3498187065124512,"z":1.5194239616394044},"rotation":{"x":0.014155845157802105,"y":-0.9852851629257202,"z":0.10234121978282929,"w":0.13626211881637574},"size":2.0846869945526125,"orthographic":false}