{"cameraMode":{"drawMode":0,"name":"Shaded","section":"Shading Mode"},"sceneLighting":false,"audioPlay":false,"sceneViewState":{"showFog":false,"showMaterialUpdate":false,"showSkybox":false,"showFlares":false,"showImageEffects":false,"showParticleSystems":false},"in2DMode":false,"pivot":{"x":-0.009548187255859375,"y":1.607086181640625,"z":0.00360107421875},"rotation":{"x":0.007776986807584763,"y":0.9471452832221985,"z":-0.3199954032897949,"w":0.023013051599264146},"size":5.438758850097656,"orthographic":false}