{"cameraMode":{"drawMode":0,"name":"Shaded","section":"Shading Mode"},"sceneLighting":false,"audioPlay":false,"sceneViewState":{"showFog":false,"showMaterialUpdate":false,"showSkybox":false,"showFlares":false,"showImageEffects":false,"showParticleSystems":false},"in2DMode":false,"pivot":{"x":-0.6387572288513184,"y":4.197260856628418,"z":-7.398096084594727},"rotation":{"x":-0.4710422456264496,"y":-0.0314938947558403,"z":0.016833635047078134,"w":-0.8813934922218323},"size":17.66476821899414,"orthographic":false}