{"cameraMode":{"drawMode":0,"name":"Shaded","section":"Shading Mode"},"sceneLighting":false,"audioPlay":false,"sceneViewState":{"showFog":false,"showMaterialUpdate":false,"showSkybox":false,"showFlares":false,"showImageEffects":false,"showParticleSystems":false},"in2DMode":false,"pivot":{"x":3.3126797676086427,"y":2.71504545211792,"z":0.10208003222942352},"rotation":{"x":-0.3434184193611145,"y":-0.6277346014976502,"z":0.3600981533527374,"w":-0.5986721515655518},"size":3.495762825012207,"orthographic":false}