{"cameraMode":{"drawMode":0,"name":"Shaded","section":"Shading Mode"},"sceneLighting":false,"audioPlay":false,"sceneViewState":{"showFog":true,"showMaterialUpdate":false,"showSkybox":false,"showFlares":true,"showImageEffects":true,"showParticleSystems":true},"in2DMode":false,"pivot":{"x":-2.457881450653076,"y":-0.08602309226989746,"z":-1.6077041625976563},"rotation":{"x":0.030055664479732515,"y":0.9525008201599121,"z":-0.10007821023464203,"w":0.28603294491767886},"size":13.345558166503907,"orthographic":false}