{"cameraMode":{"drawMode":0,"name":"Shaded","section":"Shading Mode"},"sceneLighting":false,"audioPlay":false,"sceneViewState":{"showFog":false,"showMaterialUpdate":false,"showSkybox":false,"showFlares":false,"showImageEffects":false,"showParticleSystems":false},"in2DMode":false,"pivot":{"x":5.550849437713623,"y":1.0427885055541993,"z":1.5721217393875123},"rotation":{"x":-0.06611380726099014,"y":-0.9133456945419312,"z":0.16478680074214936,"w":-0.3664710819721222},"size":4.881216049194336,"orthographic":false}