{"cameraMode":{"drawMode":0,"name":"Shaded","section":"Shading Mode"},"sceneLighting":false,"audioPlay":false,"sceneViewState":{"showFog":false,"showMaterialUpdate":false,"showSkybox":false,"showFlares":false,"showImageEffects":false,"showParticleSystems":false},"in2DMode":false,"pivot":{"x":-0.432191401720047,"y":0.7846910953521729,"z":-11.647381782531739},"rotation":{"x":-0.03446561470627785,"y":0.9654066562652588,"z":-0.17448747158050538,"w":-0.19069215655326844},"size":4.860511779785156,"orthographic":false}