{"cameraMode":{"drawMode":0,"name":"Shaded","section":"Shading Mode"},"sceneLighting":false,"audioPlay":false,"sceneViewState":{"showFog":false,"showMaterialUpdate":false,"showSkybox":false,"showFlares":false,"showImageEffects":false,"showParticleSystems":false},"in2DMode":false,"pivot":{"x":917.6969604492188,"y":338.75775146484377,"z":-6.90484619140625},"rotation":{"x":0.08718711882829666,"y":0.017060428857803346,"z":-0.001490878639742732,"w":0.9960544109344482},"size":964.9066772460938,"orthographic":false}