{"cameraMode":{"drawMode":0,"name":"Shaded","section":"Shading Mode"},"sceneLighting":false,"audioPlay":false,"sceneViewState":{"showFog":false,"showMaterialUpdate":false,"showSkybox":false,"showFlares":false,"showImageEffects":false,"showParticleSystems":false},"in2DMode":false,"pivot":{"x":-9.5367431640625e-7,"y":7.2537760734558109,"z":-0.010017752647399903},"rotation":{"x":0.03797454759478569,"y":0.9466102719306946,"z":-0.296257883310318,"w":0.12133723497390747},"size":17.816316604614259,"orthographic":false}