{"cameraMode":{"drawMode":0,"name":"Shaded","section":"Shading Mode"},"sceneLighting":false,"audioPlay":false,"sceneViewState":{"showFog":false,"showMaterialUpdate":false,"showSkybox":false,"showFlares":false,"showImageEffects":false,"showParticleSystems":false},"in2DMode":false,"pivot":{"x":-0.24418766796588899,"y":3.2152810096740724,"z":-1.1091785430908204},"rotation":{"x":0.054286494851112369,"y":0.005994562525302172,"z":-0.00032595181255601346,"w":0.9985418319702148},"size":12.739446640014649,"orthographic":false}