{"cameraMode":{"drawMode":0,"name":"Shaded","section":"Shading Mode"},"sceneLighting":true,"audioPlay":false,"sceneViewState":{"showFog":false,"showMaterialUpdate":false,"showSkybox":false,"showFlares":false,"showImageEffects":false,"showParticleSystems":false},"in2DMode":false,"pivot":{"x":9.87976360321045,"y":1.416759729385376,"z":-27.48564338684082},"rotation":{"x":0.15067818760871888,"y":0.6845743060112,"z":-0.14786005020141602,"w":0.6977578997612},"size":5.758188724517822,"orthographic":false}