{"cameraMode":{"drawMode":0,"name":"Shaded","section":"Shading Mode"},"sceneLighting":false,"audioPlay":false,"sceneViewState":{"showFog":false,"showMaterialUpdate":false,"showSkybox":false,"showFlares":false,"showImageEffects":false,"showParticleSystems":false},"in2DMode":false,"pivot":{"x":-0.002727508544921875,"y":0.2658412456512451,"z":0.0037364959716796877},"rotation":{"x":0.19066524505615235,"y":-0.40182003378868105,"z":0.0852702334523201,"w":0.8920841217041016},"size":3.5255913734436037,"orthographic":false}