{"cameraMode":{"drawMode":0,"name":"Shaded","section":"Shading Mode"},"sceneLighting":false,"audioPlay":false,"sceneViewState":{"showFog":false,"showMaterialUpdate":false,"showSkybox":false,"showFlares":false,"showImageEffects":false,"showParticleSystems":false},"in2DMode":false,"pivot":{"x":-0.0000152587890625,"y":6.307107925415039,"z":-0.000003814697265625},"rotation":{"x":-0.20014385879039765,"y":0.6158044338226318,"z":-0.16565503180027009,"w":-0.7438828945159912},"size":23.97157859802246,"orthographic":false}