{"cameraMode":{"drawMode":0,"name":"Shaded","section":"Shading Mode"},"sceneLighting":false,"audioPlay":false,"sceneViewState":{"showFog":false,"showMaterialUpdate":false,"showSkybox":false,"showFlares":false,"showImageEffects":false,"showParticleSystems":false},"in2DMode":false,"pivot":{"x":0.1565324366092682,"y":2.052842617034912,"z":4.521229267120361},"rotation":{"x":0.0018604375654831529,"y":-0.9923198223114014,"z":0.12298906594514847,"w":0.015181660652160645},"size":3.65736722946167,"orthographic":false}