{"cameraMode":{"drawMode":0,"name":"Shaded","section":"Shading Mode"},"sceneLighting":false,"audioPlay":false,"sceneViewState":{"showFog":false,"showMaterialUpdate":false,"showSkybox":false,"showFlares":false,"showImageEffects":false,"showParticleSystems":false},"in2DMode":false,"pivot":{"x":-10.058799743652344,"y":1.439161777496338,"z":-15.50712776184082},"rotation":{"x":-0.002316853031516075,"y":0.9959773421287537,"z":-0.08567538112401962,"w":-0.026911554858088495},"size":0.6336883306503296,"orthographic":false}