{"cameraMode":{"drawMode":0,"name":"Shaded","section":"Shading Mode"},"sceneLighting":false,"audioPlay":false,"sceneViewState":{"showFog":false,"showMaterialUpdate":false,"showSkybox":false,"showFlares":false,"showImageEffects":false,"showParticleSystems":false},"in2DMode":false,"pivot":{"x":0.0,"y":3.346608877182007,"z":0.00000476837158203125},"rotation":{"x":0.3088025450706482,"y":-0.6211821436882019,"z":0.2911677658557892,"w":0.6588342189788818},"size":12.942109107971192,"orthographic":false}