{"cameraMode":{"drawMode":0,"name":"Shaded","section":"Shading Mode"},"sceneLighting":false,"audioPlay":false,"sceneViewState":{"showFog":false,"showMaterialUpdate":false,"showSkybox":false,"showFlares":false,"showImageEffects":false,"showParticleSystems":false},"in2DMode":false,"pivot":{"x":-0.00000762939453125,"y":4.692635536193848,"z":0.0000019073486328125},"rotation":{"x":-0.20014385879039765,"y":0.6158044338226318,"z":-0.16565503180027009,"w":-0.7438828945159912},"size":109.54669952392578,"orthographic":false}