{"cameraMode":{"drawMode":0,"name":"Shaded","section":"Shading Mode"},"sceneLighting":false,"audioPlay":false,"sceneViewState":{"showFog":false,"showMaterialUpdate":false,"showSkybox":false,"showFlares":false,"showImageEffects":false,"showParticleSystems":false},"in2DMode":false,"pivot":{"x":-1.8470771312713624,"y":-0.3138723373413086,"z":-2.0909535884857179},"rotation":{"x":0.1250895857810974,"y":-0.8133687973022461,"z":0.5355804562568665,"w":0.1899372637271881},"size":10.046292304992676,"orthographic":false}