{"cameraMode":{"drawMode":0,"name":"Shaded","section":"Shading Mode"},"sceneLighting":false,"audioPlay":false,"sceneViewState":{"showFog":false,"showMaterialUpdate":false,"showSkybox":false,"showFlares":false,"showImageEffects":false,"showParticleSystems":false},"in2DMode":false,"pivot":{"x":0.8283298015594482,"y":0.7650296688079834,"z":-0.08524410426616669},"rotation":{"x":-0.25587061047554018,"y":-0.648768961429596,"z":0.2466314733028412,"w":-0.6729519367218018},"size":5.286698341369629,"orthographic":false}