{"cameraMode":{"drawMode":0,"name":"Shaded","section":"Shading Mode"},"sceneLighting":false,"audioPlay":false,"sceneViewState":{"showFog":false,"showMaterialUpdate":false,"showSkybox":false,"showFlares":false,"showImageEffects":false,"showParticleSystems":false},"in2DMode":false,"pivot":{"x":-0.047881126403808597,"y":1.0168075561523438,"z":0.058666229248046878},"rotation":{"x":0.1387026160955429,"y":-0.6916022300720215,"z":0.13830427825450898,"w":0.6953839063644409},"size":4.041740894317627,"orthographic":false}