{"cameraMode":{"drawMode":0,"name":"Shaded","section":"Shading Mode"},"sceneLighting":false,"audioPlay":false,"sceneViewState":{"showFog":false,"showMaterialUpdate":false,"showSkybox":false,"showFlares":false,"showImageEffects":false,"showParticleSystems":false},"in2DMode":false,"pivot":{"x":-0.5397686958312988,"y":2.660294532775879,"z":-6.5692548751831059},"rotation":{"x":0.48657509684562685,"y":0.1469593495130539,"z":-0.0834466814994812,"w":0.8571456670761108},"size":14.430521965026856,"orthographic":false}