{"cameraMode":{"drawMode":0,"name":"Shaded","section":"Shading Mode"},"sceneLighting":true,"audioPlay":false,"sceneViewState":{"showFog":false,"showMaterialUpdate":false,"showSkybox":false,"showFlares":false,"showImageEffects":false,"showParticleSystems":false},"in2DMode":false,"pivot":{"x":-22.22740364074707,"y":6.875164031982422,"z":-10.732629776000977},"rotation":{"x":0.08403418958187103,"y":0.911833643913269,"z":-0.32646453380584719,"w":0.23470008373260499},"size":65.76555633544922,"orthographic":false}