{"cameraMode":{"drawMode":0,"name":"Shaded","section":"Shading Mode"},"sceneLighting":false,"audioPlay":false,"sceneViewState":{"showFog":true,"showMaterialUpdate":false,"showSkybox":false,"showFlares":true,"showImageEffects":true,"showParticleSystems":true},"in2DMode":false,"pivot":{"x":-0.8918802738189697,"y":1.789661169052124,"z":0.38323259353637698},"rotation":{"x":-0.059373244643211368,"y":0.9216747283935547,"z":-0.15631473064422608,"w":-0.3500812351703644},"size":4.191097736358643,"orthographic":false}