{"cameraMode":{"drawMode":0,"name":"Shaded","section":"Shading Mode"},"sceneLighting":false,"audioPlay":false,"sceneViewState":{"showFog":false,"showMaterialUpdate":false,"showSkybox":false,"showFlares":false,"showImageEffects":false,"showParticleSystems":false},"in2DMode":false,"pivot":{"x":0.03341865539550781,"y":6.892453193664551,"z":-4.164852142333984},"rotation":{"x":0.5047361850738525,"y":0.0751708596944809,"z":-0.044198177754879,"w":0.8588663935661316},"size":22.521289825439454,"orthographic":false}