{"cameraMode":{"drawMode":0,"name":"Shaded","section":"Shading Mode"},"sceneLighting":false,"audioPlay":false,"sceneViewState":{"showFog":false,"showMaterialUpdate":false,"showSkybox":false,"showFlares":false,"showImageEffects":false,"showParticleSystems":false},"in2DMode":false,"pivot":{"x":-0.4321915805339813,"y":0.8994461297988892,"z":-11.600035667419434},"rotation":{"x":0.14576265215873719,"y":-0.83545982837677,"z":0.26560619473457339,"w":0.4585002064704895},"size":5.231861591339111,"orthographic":false}