{"cameraMode":{"drawMode":0,"name":"Shaded","section":"Shading Mode"},"sceneLighting":true,"audioPlay":false,"sceneViewState":{"showFog":false,"showMaterialUpdate":false,"showSkybox":false,"showFlares":false,"showImageEffects":false,"showParticleSystems":false},"in2DMode":false,"pivot":{"x":1.6400001049041749,"y":2.4100000858306886,"z":-58.20000076293945},"rotation":{"x":-0.004673469811677933,"y":0.9770615696907044,"z":-0.021520664915442468,"w":-0.21186019480228425},"size":55.109161376953128,"orthographic":false}