{"cameraMode":{"drawMode":0,"name":"Shaded","section":"Shading Mode"},"sceneLighting":true,"audioPlay":false,"sceneViewState":{"showFog":false,"showMaterialUpdate":false,"showSkybox":false,"showFlares":false,"showImageEffects":false,"showParticleSystems":false},"in2DMode":false,"pivot":{"x":19.520000457763673,"y":-0.3965652585029602,"z":21.71999740600586},"rotation":{"x":0.25358912348747256,"y":-0.0548006035387516,"z":0.0143930334597826,"w":0.9656540155410767},"size":38.39509963989258,"orthographic":false}