{"cameraMode":{"drawMode":0,"name":"Shaded","section":"Shading Mode"},"sceneLighting":false,"audioPlay":false,"sceneViewState":{"showFog":false,"showMaterialUpdate":false,"showSkybox":false,"showFlares":false,"showImageEffects":false,"showParticleSystems":false},"in2DMode":false,"pivot":{"x":-0.01931709051132202,"y":0.3003464341163635,"z":4.76837158203125e-7},"rotation":{"x":0.007776986807584763,"y":0.9471452832221985,"z":-0.3199954032897949,"w":0.023013051599264146},"size":1.185829520225525,"orthographic":false}