{"cameraMode":{"drawMode":0,"name":"Shaded","section":"Shading Mode"},"sceneLighting":false,"audioPlay":false,"sceneViewState":{"showFog":false,"showMaterialUpdate":false,"showSkybox":false,"showFlares":false,"showImageEffects":false,"showParticleSystems":false},"in2DMode":false,"pivot":{"x":0.8463703393936157,"y":0.6781752109527588,"z":-1.0977675914764405},"rotation":{"x":0.03770763799548149,"y":0.9572887420654297,"z":-0.1464524269104004,"w":0.2464611679315567},"size":4.341658592224121,"orthographic":false}