{"cameraMode":{"drawMode":0,"name":"Shaded","section":"Shading Mode"},"sceneLighting":false,"audioPlay":false,"sceneViewState":{"showFog":true,"showMaterialUpdate":false,"showSkybox":false,"showFlares":true,"showImageEffects":true,"showParticleSystems":true},"in2DMode":false,"pivot":{"x":-10.579894065856934,"y":7.158421993255615,"z":-0.6093788146972656},"rotation":{"x":-0.09944670647382736,"y":-0.25925832986831667,"z":-0.026847660541534425,"w":0.960301399230957},"size":23.268356323242189,"orthographic":false}