{"cameraMode":{"drawMode":0,"name":"Shaded","section":"Shading Mode"},"sceneLighting":false,"audioPlay":false,"sceneViewState":{"showFog":false,"showMaterialUpdate":false,"showSkybox":false,"showFlares":false,"showImageEffects":false,"showParticleSystems":false},"in2DMode":false,"pivot":{"x":-5.654618263244629,"y":0.3824012279510498,"z":0.2632686495780945},"rotation":{"x":0.07781021296977997,"y":-0.7342547178268433,"z":0.08542865514755249,"w":0.6689924597740173},"size":7.611773490905762,"orthographic":false}