{"cameraMode":{"drawMode":0,"name":"Shaded","section":"Shading Mode"},"sceneLighting":false,"audioPlay":false,"sceneViewState":{"showFog":false,"showMaterialUpdate":false,"showSkybox":false,"showFlares":false,"showImageEffects":false,"showParticleSystems":false},"in2DMode":false,"pivot":{"x":0.0003546476364135742,"y":0.5794554948806763,"z":0.010395407676696778},"rotation":{"x":0.007776986807584763,"y":0.9471452832221985,"z":-0.3199954032897949,"w":0.023013051599264146},"size":3.0897552967071535,"orthographic":false}