{"cameraMode":{"drawMode":0,"name":"Shaded","section":"Shading Mode"},"sceneLighting":true,"audioPlay":false,"sceneViewState":{"showFog":false,"showMaterialUpdate":false,"showSkybox":false,"showFlares":false,"showImageEffects":false,"showParticleSystems":false},"in2DMode":false,"pivot":{"x":-193.67120361328126,"y":-8.328412055969239,"z":26.867645263671876},"rotation":{"x":0.20067091286182404,"y":-0.5638734102249146,"z":0.14357014000415803,"w":0.7881625294685364},"size":47.845603942871097,"orthographic":false}