{"cameraMode":{"drawMode":0,"name":"Shaded","section":"Shading Mode"},"sceneLighting":false,"audioPlay":false,"sceneViewState":{"showFog":false,"showMaterialUpdate":false,"showSkybox":false,"showFlares":false,"showImageEffects":false,"showParticleSystems":false},"in2DMode":false,"pivot":{"x":2.273761749267578,"y":1.0184352397918702,"z":3.154378652572632},"rotation":{"x":0.08497123420238495,"y":-0.652775228023529,"z":0.07433418184518814,"w":0.7492508292198181},"size":7.1264777183532719,"orthographic":false}