{"cameraMode":{"drawMode":0,"name":"Shaded","section":"Shading Mode"},"sceneLighting":false,"audioPlay":false,"sceneViewState":{"showFog":false,"showMaterialUpdate":false,"showSkybox":false,"showFlares":false,"showImageEffects":false,"showParticleSystems":false},"in2DMode":false,"pivot":{"x":60.979244232177737,"y":-33.92672348022461,"z":4.278447151184082},"rotation":{"x":0.002296537160873413,"y":0.975734531879425,"z":-0.21870552003383637,"w":0.010245595127344132},"size":14.249140739440918,"orthographic":false}