{"cameraMode":{"drawMode":0,"name":"Shaded","section":"Shading Mode"},"sceneLighting":false,"audioPlay":false,"sceneViewState":{"showFog":false,"showMaterialUpdate":false,"showSkybox":false,"showFlares":false,"showImageEffects":false,"showParticleSystems":false},"in2DMode":false,"pivot":{"x":5.360260963439941,"y":0.7254253625869751,"z":1.63765287399292},"rotation":{"x":-0.006534017622470856,"y":-0.9818810224533081,"z":0.18628978729248048,"w":-0.03445322439074516},"size":4.041658401489258,"orthographic":false}