{"cameraMode":{"drawMode":0,"name":"Shaded","section":"Shading Mode"},"sceneLighting":true,"audioPlay":false,"sceneViewState":{"showFog":false,"showMaterialUpdate":false,"showSkybox":false,"showFlares":false,"showImageEffects":false,"showParticleSystems":false},"in2DMode":false,"pivot":{"x":-112.2811050415039,"y":17.193965911865236,"z":-6.759611129760742},"rotation":{"x":-0.2744036316871643,"y":-0.19140122830867768,"z":0.05581678822636604,"w":-0.9407435059547424},"size":16.370073318481447,"orthographic":false}