{"cameraMode":{"drawMode":0,"name":"Shaded","section":"Shading Mode"},"sceneLighting":false,"audioPlay":false,"sceneViewState":{"showFog":false,"showMaterialUpdate":false,"showSkybox":false,"showFlares":false,"showImageEffects":false,"showParticleSystems":false},"in2DMode":false,"pivot":{"x":0.024788260459899904,"y":0.3884624242782593,"z":0.534813404083252},"rotation":{"x":0.04290762171149254,"y":-0.9416495561599731,"z":0.3068339228630066,"w":0.1316663771867752},"size":3.5489163398742677,"orthographic":false}