{"cameraMode":{"drawMode":0,"name":"Shaded","section":"Shading Mode"},"sceneLighting":false,"audioPlay":false,"sceneViewState":{"showFog":false,"showMaterialUpdate":false,"showSkybox":false,"showFlares":false,"showImageEffects":false,"showParticleSystems":false},"in2DMode":false,"pivot":{"x":14.721112251281739,"y":3.1368327140808107,"z":-43.84751510620117},"rotation":{"x":0.001505160005763173,"y":0.9981015920639038,"z":-0.05576207861304283,"w":0.026941638439893724},"size":13.786785125732422,"orthographic":false}