{"cameraMode":{"drawMode":0,"name":"Shaded","section":"Shading Mode"},"sceneLighting":false,"audioPlay":false,"sceneViewState":{"showFog":false,"showMaterialUpdate":false,"showSkybox":false,"showFlares":false,"showImageEffects":false,"showParticleSystems":false},"in2DMode":false,"pivot":{"x":-0.000057697296142578125,"y":7.0278754234313969,"z":0.011601924896240235},"rotation":{"x":0.03797454759478569,"y":0.9466102719306946,"z":-0.296257883310318,"w":0.12133723497390747},"size":17.61277961730957,"orthographic":false}