{"cameraMode":{"drawMode":0,"name":"Shaded","section":"Shading Mode"},"sceneLighting":false,"audioPlay":false,"sceneViewState":{"showFog":false,"showMaterialUpdate":false,"showSkybox":false,"showFlares":false,"showImageEffects":false,"showParticleSystems":false},"in2DMode":false,"pivot":{"x":5.379454612731934,"y":1.2006592750549317,"z":1.7554173469543458},"rotation":{"x":-0.003356720320880413,"y":-0.9834257960319519,"z":0.1804768294095993,"w":-0.018265748396515847},"size":5.654249668121338,"orthographic":false}