{"cameraMode":{"drawMode":0,"name":"Shaded","section":"Shading Mode"},"sceneLighting":false,"audioPlay":false,"sceneViewState":{"showFog":true,"showMaterialUpdate":false,"showSkybox":false,"showFlares":true,"showImageEffects":true,"showParticleSystems":true},"in2DMode":false,"pivot":{"x":0.0,"y":-0.000004999339580535889,"z":0.1611151099205017},"rotation":{"x":-0.0969773530960083,"y":-0.8869438767433167,"z":0.39638397097587588,"w":-0.21667152643203736},"size":0.8522999286651611,"orthographic":false}