{"cameraMode":{"drawMode":0,"name":"Shaded","section":"Shading Mode"},"sceneLighting":false,"audioPlay":false,"sceneViewState":{"showFog":false,"showMaterialUpdate":false,"showSkybox":false,"showFlares":false,"showImageEffects":false,"showParticleSystems":false},"in2DMode":false,"pivot":{"x":-0.0357661247253418,"y":0.6649932861328125,"z":0.009481430053710938},"rotation":{"x":0.1387026160955429,"y":-0.6916022300720215,"z":0.13830427825450898,"w":0.6953839063644409},"size":2.6415348052978517,"orthographic":false}