{"cameraMode":{"drawMode":0,"name":"Shaded","section":"Shading Mode"},"sceneLighting":false,"audioPlay":false,"sceneViewState":{"showFog":false,"showMaterialUpdate":false,"showSkybox":false,"showFlares":false,"showImageEffects":false,"showParticleSystems":false},"in2DMode":false,"pivot":{"x":3.309000015258789,"y":1.3250000476837159,"z":-2.23799991607666},"rotation":{"x":-0.3390810489654541,"y":-0.6190791726112366,"z":0.33685192465782168,"w":-0.6231873631477356},"size":7.6728949546813969,"orthographic":false}