{"cameraMode":{"drawMode":0,"name":"Shaded","section":"Shading Mode"},"sceneLighting":true,"audioPlay":false,"sceneViewState":{"showFog":false,"showMaterialUpdate":false,"showSkybox":false,"showFlares":false,"showImageEffects":false,"showParticleSystems":false},"in2DMode":false,"pivot":{"x":18.452686309814454,"y":-11.803239822387696,"z":-3.0996856689453127},"rotation":{"x":0.1439504325389862,"y":0.7839003205299377,"z":-0.1972351372241974,"w":0.5711989402770996},"size":61.37913513183594,"orthographic":false}