{"cameraMode":{"drawMode":0,"name":"Shaded","section":"Shading Mode"},"sceneLighting":false,"audioPlay":false,"sceneViewState":{"showFog":false,"showMaterialUpdate":false,"showSkybox":false,"showFlares":false,"showImageEffects":false,"showParticleSystems":false},"in2DMode":false,"pivot":{"x":1.5797817707061768,"y":0.9609136581420898,"z":-3.0280354022979738},"rotation":{"x":-0.001467013848014176,"y":0.9794908761978149,"z":-0.20142067968845368,"w":-0.007052131462842226},"size":11.803071975708008,"orthographic":false}