{"cameraMode":{"drawMode":0,"name":"Shaded","section":"Shading Mode"},"sceneLighting":false,"audioPlay":false,"sceneViewState":{"showFog":false,"showMaterialUpdate":false,"showSkybox":false,"showFlares":false,"showImageEffects":false,"showParticleSystems":false},"in2DMode":false,"pivot":{"x":0.11929881572723389,"y":1.8856183290481568,"z":-12.313495635986329},"rotation":{"x":0.10628802329301834,"y":-0.5474396347999573,"z":0.07035332173109055,"w":0.8270837664604187},"size":1.3318612575531006,"orthographic":false}