{"cameraMode":{"drawMode":0,"name":"Shaded","section":"Shading Mode"},"sceneLighting":false,"audioPlay":false,"sceneViewState":{"showFog":false,"showMaterialUpdate":false,"showSkybox":false,"showFlares":false,"showImageEffects":false,"showParticleSystems":false},"in2DMode":false,"pivot":{"x":2.9423866271972658,"y":-0.12177181243896485,"z":-76.21450805664063},"rotation":{"x":-0.024765504524111749,"y":-0.9751908779144287,"z":0.1506885141134262,"w":-0.16027235984802247},"size":320.25677490234377,"orthographic":false}