{"cameraMode":{"drawMode":0,"name":"Shaded","section":"Shading Mode"},"sceneLighting":false,"audioPlay":false,"sceneViewState":{"showFog":false,"showMaterialUpdate":false,"showSkybox":false,"showFlares":false,"showImageEffects":false,"showParticleSystems":false},"in2DMode":false,"pivot":{"x":0.0034999996423721315,"y":0.0009999275207519532,"z":0.0},"rotation":{"x":-0.37916234135627749,"y":-0.42535966634750368,"z":0.20250774919986726,"w":-0.7964761853218079},"size":0.09740591049194336,"orthographic":false}