{"cameraMode":{"drawMode":0,"name":"Shaded","section":"Shading Mode"},"sceneLighting":false,"audioPlay":false,"sceneViewState":{"showFog":false,"showMaterialUpdate":false,"showSkybox":false,"showFlares":false,"showImageEffects":false,"showParticleSystems":false},"in2DMode":false,"pivot":{"x":-9.5367431640625e-7,"y":0.8666965961456299,"z":-0.03107321262359619},"rotation":{"x":-0.24045047163963319,"y":-0.7594952583312988,"z":0.42184504866600039,"w":-0.4329204559326172},"size":4.7489166259765629,"orthographic":false}