{"cameraMode":{"drawMode":0,"name":"Shaded","section":"Shading Mode"},"sceneLighting":false,"audioPlay":false,"sceneViewState":{"showFog":false,"showMaterialUpdate":false,"showSkybox":false,"showFlares":false,"showImageEffects":false,"showParticleSystems":false},"in2DMode":false,"pivot":{"x":2.249898910522461,"y":4.012532711029053,"z":-19.39777183532715},"rotation":{"x":0.14678296446800233,"y":-0.002965169260278344,"z":0.0004642378189601004,"w":0.9891923666000366},"size":3.50563907623291,"orthographic":false}