{"cameraMode":{"drawMode":0,"name":"Shaded","section":"Shading Mode"},"sceneLighting":false,"audioPlay":false,"sceneViewState":{"showFog":false,"showMaterialUpdate":false,"showSkybox":false,"showFlares":false,"showImageEffects":false,"showParticleSystems":false},"in2DMode":false,"pivot":{"x":2.384185791015625e-7,"y":0.05396987497806549,"z":2.384185791015625e-7},"rotation":{"x":-0.03903650864958763,"y":0.8998122215270996,"z":-0.42670711874961855,"w":-0.08229108899831772},"size":7.497838973999023,"orthographic":false}