{"cameraMode":{"drawMode":0,"name":"Shaded","section":"Shading Mode"},"sceneLighting":false,"audioPlay":false,"sceneViewState":{"showFog":false,"showMaterialUpdate":false,"showSkybox":false,"showFlares":false,"showImageEffects":false,"showParticleSystems":false},"in2DMode":false,"pivot":{"x":11.535355567932129,"y":-0.38915061950683596,"z":13.451290130615235},"rotation":{"x":0.10574246942996979,"y":0.8316600918769836,"z":-0.16970916092395783,"w":0.5180699825286865},"size":63.053409576416019,"orthographic":false}