{"cameraMode":{"drawMode":0,"name":"Shaded","section":"Shading Mode"},"sceneLighting":false,"audioPlay":false,"sceneViewState":{"showFog":false,"showMaterialUpdate":false,"showSkybox":false,"showFlares":false,"showImageEffects":false,"showParticleSystems":false},"in2DMode":false,"pivot":{"x":-4.76837158203125e-7,"y":0.1889226734638214,"z":-0.000002384185791015625},"rotation":{"x":0.10574246942996979,"y":0.8316600918769836,"z":-0.16970916092395783,"w":0.5180699825286865},"size":19.18922233581543,"orthographic":false}