{"cameraMode":{"drawMode":0,"name":"Shaded","section":"Shading Mode"},"sceneLighting":true,"audioPlay":false,"sceneViewState":{"showFog":false,"showMaterialUpdate":false,"showSkybox":false,"showFlares":false,"showImageEffects":false,"showParticleSystems":false},"in2DMode":false,"pivot":{"x":-140.06651306152345,"y":-53.658538818359378,"z":-107.55847930908203},"rotation":{"x":-0.07422363013029099,"y":0.8742281794548035,"z":-0.14153072237968446,"w":-0.4584713578224182},"size":180.8849334716797,"orthographic":false}