{"cameraMode":{"drawMode":0,"name":"Shaded","section":"Shading Mode"},"sceneLighting":false,"audioPlay":false,"sceneViewState":{"showFog":false,"showMaterialUpdate":false,"showSkybox":false,"showFlares":false,"showImageEffects":false,"showParticleSystems":false},"in2DMode":false,"pivot":{"x":0.084429070353508,"y":-0.12110651284456253,"z":-0.15689107775688172},"rotation":{"x":0.03499763086438179,"y":-0.9649973511695862,"z":0.18790501356124879,"w":0.179820254445076},"size":1.72664475440979,"orthographic":false}