{"cameraMode":{"drawMode":0,"name":"Shaded","section":"Shading Mode"},"sceneLighting":false,"audioPlay":false,"sceneViewState":{"showFog":false,"showMaterialUpdate":false,"showSkybox":false,"showFlares":false,"showImageEffects":false,"showParticleSystems":false},"in2DMode":false,"pivot":{"x":207.8357696533203,"y":567.6307983398438,"z":-235.24920654296876},"rotation":{"x":0.3487740159034729,"y":-0.10921201854944229,"z":0.04111137613654137,"w":0.929993212223053},"size":716.7835693359375,"orthographic":false}