{"cameraMode":{"drawMode":0,"name":"Shaded","section":"Shading Mode"},"sceneLighting":true,"audioPlay":false,"sceneViewState":{"showFog":false,"showMaterialUpdate":false,"showSkybox":false,"showFlares":false,"showImageEffects":false,"showParticleSystems":false},"in2DMode":false,"pivot":{"x":0.7718033790588379,"y":0.34145259857177737,"z":-4.177245140075684},"rotation":{"x":0.0932173803448677,"y":-0.8720200061798096,"z":0.44441619515419009,"w":0.18310831487178803},"size":66.53607940673828,"orthographic":false}