{"cameraMode":{"drawMode":0,"name":"Shaded","section":"Shading Mode"},"sceneLighting":false,"audioPlay":false,"sceneViewState":{"showFog":false,"showMaterialUpdate":false,"showSkybox":false,"showFlares":false,"showImageEffects":false,"showParticleSystems":false},"in2DMode":false,"pivot":{"x":-2.721775531768799,"y":0.023916006088256837,"z":-3.9312713146209719},"rotation":{"x":0.040737882256507876,"y":-0.948384702205658,"z":0.13637244701385499,"w":0.28344830870628359},"size":8.167832374572754,"orthographic":false}