{"cameraMode":{"drawMode":0,"name":"Shaded","section":"Shading Mode"},"sceneLighting":false,"audioPlay":false,"sceneViewState":{"showFog":false,"showMaterialUpdate":false,"showSkybox":false,"showFlares":false,"showImageEffects":false,"showParticleSystems":false},"in2DMode":false,"pivot":{"x":4.074291229248047,"y":2.209958791732788,"z":3.6329097747802736},"rotation":{"x":0.06544022262096405,"y":-0.9305115342140198,"z":0.20595324039459229,"w":0.2958149313926697},"size":4.820363998413086,"orthographic":false}