{"cameraMode":{"drawMode":0,"name":"Shaded","section":"Shading Mode"},"sceneLighting":false,"audioPlay":false,"sceneViewState":{"showFog":false,"showMaterialUpdate":false,"showSkybox":false,"showFlares":false,"showImageEffects":false,"showParticleSystems":false},"in2DMode":false,"pivot":{"x":5.5699992179870609,"y":0.766696572303772,"z":1.5008533000946046},"rotation":{"x":-0.020340636372566224,"y":-0.9723653197288513,"z":0.21335865557193757,"w":-0.09272745996713638},"size":4.748916149139404,"orthographic":false}