{"cameraMode":{"drawMode":0,"name":"Shaded","section":"Shading Mode"},"sceneLighting":false,"audioPlay":false,"sceneViewState":{"showFog":false,"showMaterialUpdate":false,"showSkybox":false,"showFlares":false,"showImageEffects":false,"showParticleSystems":false},"in2DMode":false,"pivot":{"x":-1.5997545719146729,"y":3.380826473236084,"z":0.9926445484161377},"rotation":{"x":-0.007896382361650467,"y":-0.9852955937385559,"z":0.16438189148902894,"w":-0.047413114458322528},"size":2.846886157989502,"orthographic":false}