{"cameraMode":{"drawMode":0,"name":"Shaded","section":"Shading Mode"},"sceneLighting":false,"audioPlay":false,"sceneViewState":{"showFog":false,"showMaterialUpdate":false,"showSkybox":false,"showFlares":false,"showImageEffects":false,"showParticleSystems":false},"in2DMode":false,"pivot":{"x":-0.7876648306846619,"y":0.45512259006500246,"z":-3.2457988262176515},"rotation":{"x":0.008526789955794812,"y":-0.9902638792991638,"z":0.11971686035394669,"w":0.07053371518850327},"size":6.038894176483154,"orthographic":false}