{"cameraMode":{"drawMode":0,"name":"Shaded","section":"Shading Mode"},"sceneLighting":false,"audioPlay":false,"sceneViewState":{"showFog":false,"showMaterialUpdate":false,"showSkybox":false,"showFlares":false,"showImageEffects":false,"showParticleSystems":false},"in2DMode":false,"pivot":{"x":0.6523352861404419,"y":3.307344913482666,"z":0.15791082382202149},"rotation":{"x":0.07187288254499436,"y":-0.8624448180198669,"z":0.4844723641872406,"w":0.12797221541404725},"size":4.688021183013916,"orthographic":false}