{"cameraMode":{"drawMode":0,"name":"Shaded","section":"Shading Mode"},"sceneLighting":false,"audioPlay":false,"sceneViewState":{"showFog":false,"showMaterialUpdate":false,"showSkybox":false,"showFlares":false,"showImageEffects":false,"showParticleSystems":false},"in2DMode":false,"pivot":{"x":5.364418029785156e-7,"y":2.5132381916046144,"z":0.0000019073486328125},"rotation":{"x":0.10269489884376526,"y":0.8734296560287476,"z":-0.20986701548099519,"w":0.42736828327178957},"size":25.12001609802246,"orthographic":false}