{"cameraMode":{"drawMode":0,"name":"Shaded","section":"Shading Mode"},"sceneLighting":false,"audioPlay":false,"sceneViewState":{"showFog":false,"showMaterialUpdate":false,"showSkybox":false,"showFlares":false,"showImageEffects":false,"showParticleSystems":false},"in2DMode":false,"pivot":{"x":-1.396240234375,"y":1.7352294921875,"z":-12.5126953125},"rotation":{"x":0.09909860789775849,"y":0.15546679496765138,"z":-0.01567711867392063,"w":0.9827346205711365},"size":1.487414836883545,"orthographic":true}