{"cameraMode":{"drawMode":0,"name":"Shaded","section":"Shading Mode"},"sceneLighting":false,"audioPlay":false,"sceneViewState":{"showFog":false,"showMaterialUpdate":false,"showSkybox":false,"showFlares":false,"showImageEffects":false,"showParticleSystems":false},"in2DMode":false,"pivot":{"x":5.218152046203613,"y":1.0255728960037232,"z":1.5092308521270753},"rotation":{"x":-0.006534017622470856,"y":-0.9818810224533081,"z":0.18628978729248048,"w":-0.03445322439074516},"size":3.4416584968566896,"orthographic":false}