{"cameraMode":{"drawMode":0,"name":"Shaded","section":"Shading Mode"},"sceneLighting":false,"audioPlay":false,"sceneViewState":{"showFog":false,"showMaterialUpdate":false,"showSkybox":false,"showFlares":false,"showImageEffects":false,"showParticleSystems":false},"in2DMode":false,"pivot":{"x":-0.6794706583023071,"y":1.2224968671798707,"z":-11.631600379943848},"rotation":{"x":-0.02139061503112316,"y":-0.9785429835319519,"z":0.1416056901216507,"w":-0.14842063188552857},"size":3.5392708778381349,"orthographic":false}