{"cameraMode":{"drawMode":0,"name":"Shaded","section":"Shading Mode"},"sceneLighting":true,"audioPlay":false,"sceneViewState":{"showFog":false,"showMaterialUpdate":false,"showSkybox":false,"showFlares":false,"showImageEffects":false,"showParticleSystems":false},"in2DMode":false,"pivot":{"x":-6.254877090454102,"y":4.417049884796143,"z":1.0328102111816407},"rotation":{"x":-0.06668511778116226,"y":-0.9228215217590332,"z":0.18631918728351594,"w":-0.3306301534175873},"size":6.991312503814697,"orthographic":false}