{"cameraMode":{"drawMode":0,"name":"Shaded","section":"Shading Mode"},"sceneLighting":false,"audioPlay":false,"sceneViewState":{"showFog":false,"showMaterialUpdate":false,"showSkybox":false,"showFlares":false,"showImageEffects":false,"showParticleSystems":false},"in2DMode":false,"pivot":{"x":0.000003814697265625,"y":2.509902000427246,"z":-0.0000152587890625},"rotation":{"x":0.10574246942996979,"y":0.8316600918769836,"z":-0.16970916092395783,"w":0.5180699825286865},"size":85.48474884033203,"orthographic":false}