{"cameraMode":{"drawMode":0,"name":"Shaded","section":"Shading Mode"},"sceneLighting":false,"audioPlay":false,"sceneViewState":{"showFog":false,"showMaterialUpdate":false,"showSkybox":false,"showFlares":false,"showImageEffects":false,"showParticleSystems":false},"in2DMode":false,"pivot":{"x":-8.21019458770752,"y":1.3766975402832032,"z":1.0182181596755982},"rotation":{"x":-0.20820799469947816,"y":0.4882165193557739,"z":-0.12122125923633576,"w":-0.8388460874557495},"size":5.294745922088623,"orthographic":false}