{"cameraMode":{"drawMode":0,"name":"Shaded","section":"Shading Mode"},"sceneLighting":false,"audioPlay":false,"sceneViewState":{"showFog":false,"showMaterialUpdate":false,"showSkybox":false,"showFlares":false,"showImageEffects":false,"showParticleSystems":false},"in2DMode":false,"pivot":{"x":0.0,"y":2.458144187927246,"z":-3.0748114585876467},"rotation":{"x":0.017352255061268808,"y":-0.9097607731819153,"z":0.4131801724433899,"w":0.038149211555719379},"size":9.172446250915528,"orthographic":false}