{"cameraMode":{"drawMode":0,"name":"Shaded","section":"Shading Mode"},"sceneLighting":false,"audioPlay":false,"sceneViewState":{"showFog":false,"showMaterialUpdate":false,"showSkybox":false,"showFlares":false,"showImageEffects":false,"showParticleSystems":false},"in2DMode":false,"pivot":{"x":-0.4321915805339813,"y":0.8994461297988892,"z":-11.600035667419434},"rotation":{"x":0.08784813433885575,"y":-0.911819577217102,"z":0.2704220116138458,"w":0.29621565341949465},"size":5.231861591339111,"orthographic":false}