{"cameraMode":{"drawMode":0,"name":"Shaded","section":"Shading Mode"},"sceneLighting":false,"audioPlay":false,"sceneViewState":{"showFog":false,"showMaterialUpdate":false,"showSkybox":false,"showFlares":false,"showImageEffects":false,"showParticleSystems":false},"in2DMode":false,"pivot":{"x":0.0013418197631835938,"y":6.431459426879883,"z":-4.227908134460449},"rotation":{"x":0.5047361850738525,"y":0.0751708596944809,"z":-0.044198177754879,"w":0.8588663935661316},"size":21.7647705078125,"orthographic":false}