{"cameraMode":{"drawMode":0,"name":"Shaded","section":"Shading Mode"},"sceneLighting":false,"audioPlay":false,"sceneViewState":{"showFog":false,"showMaterialUpdate":false,"showSkybox":false,"showFlares":false,"showImageEffects":false,"showParticleSystems":false},"in2DMode":false,"pivot":{"x":1.5342772006988526,"y":2.7207679748535158,"z":-1.1438413858413697},"rotation":{"x":0.0016606621211394668,"y":-0.9727193117141724,"z":0.23218432068824769,"w":0.007241738494485617},"size":1.8657445907592774,"orthographic":false}