{"cameraMode":{"drawMode":0,"name":"Shaded","section":"Shading Mode"},"sceneLighting":true,"audioPlay":false,"sceneViewState":{"showFog":false,"showMaterialUpdate":false,"showSkybox":false,"showFlares":false,"showImageEffects":false,"showParticleSystems":false},"in2DMode":false,"pivot":{"x":2.4588027000427248,"y":7.241430282592773,"z":1.3675833940505982},"rotation":{"x":0.02409220114350319,"y":-0.13285771012306214,"z":-0.003160209860652685,"w":-0.9908810257911682},"size":16.7578067779541,"orthographic":false}