{"cameraMode":{"drawMode":0,"name":"Shaded","section":"Shading Mode"},"sceneLighting":false,"audioPlay":false,"sceneViewState":{"showFog":false,"showMaterialUpdate":false,"showSkybox":false,"showFlares":false,"showImageEffects":false,"showParticleSystems":false},"in2DMode":false,"pivot":{"x":-1.2764744758605958,"y":1.3797416687011719,"z":0.5105104446411133},"rotation":{"x":-0.0033754201140254738,"y":0.9648984670639038,"z":-0.2630239725112915,"w":-0.01300029270350933},"size":5.73936128616333,"orthographic":false}