{"cameraMode":{"drawMode":0,"name":"Shaded","section":"Shading Mode"},"sceneLighting":true,"audioPlay":false,"sceneViewState":{"showFog":false,"showMaterialUpdate":false,"showSkybox":false,"showFlares":false,"showImageEffects":false,"showParticleSystems":false},"in2DMode":false,"pivot":{"x":-0.5220104455947876,"y":-6.300471305847168,"z":-18.993030548095704},"rotation":{"x":-0.009409500285983086,"y":0.9582825303077698,"z":-0.28420302271842959,"w":-0.03170761466026306},"size":29.817832946777345,"orthographic":false}