{"cameraMode":{"drawMode":0,"name":"Shaded","section":"Shading Mode"},"sceneLighting":false,"audioPlay":false,"sceneViewState":{"showFog":false,"showMaterialUpdate":false,"showSkybox":false,"showFlares":false,"showImageEffects":false,"showParticleSystems":false},"in2DMode":false,"pivot":{"x":0.7864713668823242,"y":0.9528656005859375,"z":1.21771240234375},"rotation":{"x":-0.24359345436096192,"y":0.1543048769235611,"z":-0.03930557146668434,"w":-0.9567471146583557},"size":15.806005477905274,"orthographic":false}