{"cameraMode":{"drawMode":0,"name":"Shaded","section":"Shading Mode"},"sceneLighting":false,"audioPlay":false,"sceneViewState":{"showFog":false,"showMaterialUpdate":false,"showSkybox":false,"showFlares":false,"showImageEffects":false,"showParticleSystems":false},"in2DMode":false,"pivot":{"x":-0.0004126429557800293,"y":0.19382616877555848,"z":-0.0003374814987182617},"rotation":{"x":0.007776986807584763,"y":0.9471452832221985,"z":-0.3199954032897949,"w":0.023013051599264146},"size":1.3344088792800904,"orthographic":false}