{"cameraMode":{"drawMode":0,"name":"Shaded","section":"Shading Mode"},"sceneLighting":false,"audioPlay":false,"sceneViewState":{"showFog":false,"showMaterialUpdate":false,"showSkybox":false,"showFlares":false,"showImageEffects":false,"showParticleSystems":false},"in2DMode":false,"pivot":{"x":-0.01962265372276306,"y":0.07742995023727417,"z":0.1293240487575531},"rotation":{"x":-0.012400222010910511,"y":-0.9853840470314026,"z":0.14923827350139619,"w":-0.08174772560596466},"size":1.72664475440979,"orthographic":false}