{"cameraMode":{"drawMode":0,"name":"Shaded","section":"Shading Mode"},"sceneLighting":false,"audioPlay":false,"sceneViewState":{"showFog":false,"showMaterialUpdate":false,"showSkybox":false,"showFlares":false,"showImageEffects":false,"showParticleSystems":false},"in2DMode":false,"pivot":{"x":20.485727310180665,"y":0.5885990858078003,"z":1.7392559051513672},"rotation":{"x":0.1054835394024849,"y":-0.6422945261001587,"z":0.08987164497375488,"w":0.7538343071937561},"size":4.244046688079834,"orthographic":false}