{"cameraMode":{"drawMode":0,"name":"Shaded","section":"Shading Mode"},"sceneLighting":false,"audioPlay":false,"sceneViewState":{"showFog":true,"showMaterialUpdate":false,"showSkybox":false,"showFlares":true,"showImageEffects":true,"showParticleSystems":true},"in2DMode":false,"pivot":{"x":0.0000013113021850585938,"y":0.8818507790565491,"z":-0.03417697548866272},"rotation":{"x":-0.009288274683058262,"y":0.879088282585144,"z":-0.017144376412034036,"w":-0.4762605130672455},"size":4.7829976081848148,"orthographic":false}