{"cameraMode":{"drawMode":0,"name":"Shaded","section":"Shading Mode"},"sceneLighting":false,"audioPlay":false,"sceneViewState":{"showFog":false,"showMaterialUpdate":false,"showSkybox":false,"showFlares":false,"showImageEffects":false,"showParticleSystems":false},"in2DMode":false,"pivot":{"x":0.4534331262111664,"y":0.1649206578731537,"z":0.0},"rotation":{"x":0.09881740808486939,"y":-0.8939801454544067,"z":0.36311617493629458,"w":0.24338817596435548},"size":1.3761351108551026,"orthographic":false}