{"cameraMode":{"drawMode":0,"name":"Shaded","section":"Shading Mode"},"sceneLighting":false,"audioPlay":false,"sceneViewState":{"showFog":false,"showMaterialUpdate":false,"showSkybox":false,"showFlares":false,"showImageEffects":false,"showParticleSystems":false},"in2DMode":false,"pivot":{"x":-2.384185791015625e-7,"y":0.877848207950592,"z":-0.026438415050506593},"rotation":{"x":0.25358912348747256,"y":-0.0548006035387516,"z":0.0143930334597826,"w":0.9656540155410767},"size":4.820732116699219,"orthographic":false}