{"cameraMode":{"drawMode":0,"name":"Shaded","section":"Shading Mode"},"sceneLighting":false,"audioPlay":false,"sceneViewState":{"showFog":false,"showMaterialUpdate":false,"showSkybox":false,"showFlares":false,"showImageEffects":false,"showParticleSystems":false},"in2DMode":false,"pivot":{"x":-0.38830506801605227,"y":-0.006416335701942444,"z":-11.553232192993164},"rotation":{"x":-0.03694523870944977,"y":0.3939249813556671,"z":-0.01582382805645466,"w":-0.918316662311554},"size":11.248271942138672,"orthographic":false}