{"cameraMode":{"drawMode":0,"name":"Shaded","section":"Shading Mode"},"sceneLighting":true,"audioPlay":false,"sceneViewState":{"showFog":false,"showMaterialUpdate":false,"showSkybox":false,"showFlares":false,"showImageEffects":false,"showParticleSystems":false},"in2DMode":false,"pivot":{"x":4.73672342300415,"y":0.7175217866897583,"z":-6.416304588317871},"rotation":{"x":0.03956779092550278,"y":-0.9600318670272827,"z":0.21095624566078187,"w":0.17983201146125794},"size":4.341145992279053,"orthographic":false}