{"cameraMode":{"drawMode":0,"name":"Shaded","section":"Shading Mode"},"sceneLighting":false,"audioPlay":false,"sceneViewState":{"showFog":false,"showMaterialUpdate":false,"showSkybox":false,"showFlares":false,"showImageEffects":false,"showParticleSystems":false},"in2DMode":false,"pivot":{"x":-1.034999966621399,"y":0.5239999890327454,"z":-4.515999794006348},"rotation":{"x":0.03472377732396126,"y":0.8995102643966675,"z":-0.07275376468896866,"w":0.42946475744247439},"size":0.710077702999115,"orthographic":false}