{"cameraMode":{"drawMode":0,"name":"Shaded","section":"Shading Mode"},"sceneLighting":false,"audioPlay":false,"sceneViewState":{"showFog":false,"showMaterialUpdate":false,"showSkybox":false,"showFlares":false,"showImageEffects":false,"showParticleSystems":false},"in2DMode":false,"pivot":{"x":-9.977700233459473,"y":0.7357087135314941,"z":-16.329500198364259},"rotation":{"x":-0.05093821883201599,"y":0.9486309289932251,"z":-0.20547927916049958,"w":-0.23517948389053346},"size":6.046280384063721,"orthographic":false}