{"cameraMode":{"drawMode":0,"name":"Shaded","section":"Shading Mode"},"sceneLighting":false,"audioPlay":false,"sceneViewState":{"showFog":true,"showMaterialUpdate":false,"showSkybox":false,"showFlares":true,"showImageEffects":true,"showParticleSystems":true},"in2DMode":false,"pivot":{"x":668.7313842773438,"y":251.39837646484376,"z":-12.747802734375},"rotation":{"x":-0.01168517954647541,"y":0.0025250392500311138,"z":-0.000031250387110048905,"w":-0.9999284148216248},"size":445.402099609375,"orthographic":false}