{"cameraMode":{"drawMode":0,"name":"Shaded","section":"Shading Mode"},"sceneLighting":false,"audioPlay":false,"sceneViewState":{"showFog":false,"showMaterialUpdate":false,"showSkybox":false,"showFlares":false,"showImageEffects":false,"showParticleSystems":false},"in2DMode":false,"pivot":{"x":2.427002191543579,"y":1.6853363513946534,"z":4.893157005310059},"rotation":{"x":0.00604041013866663,"y":-0.9146600365638733,"z":0.40422239899635317,"w":0.014359286986291409},"size":1.3601200580596924,"orthographic":false}