{"cameraMode":{"drawMode":0,"name":"Shaded","section":"Shading Mode"},"sceneLighting":false,"audioPlay":false,"sceneViewState":{"showFog":false,"showMaterialUpdate":false,"showSkybox":false,"showFlares":false,"showImageEffects":false,"showParticleSystems":false},"in2DMode":false,"pivot":{"x":-0.007774829864501953,"y":1.238844633102417,"z":0.9201149940490723},"rotation":{"x":0.017352255061268808,"y":-0.9097607731819153,"z":0.4131801724433899,"w":0.038149211555719379},"size":10.945089340209961,"orthographic":false}