{"cameraMode":{"drawMode":0,"name":"Shaded","section":"Shading Mode"},"sceneLighting":true,"audioPlay":false,"sceneViewState":{"showFog":false,"showMaterialUpdate":false,"showSkybox":false,"showFlares":false,"showImageEffects":false,"showParticleSystems":false},"in2DMode":false,"pivot":{"x":-3.6520490646362306,"y":24.141326904296876,"z":-48.059906005859378},"rotation":{"x":-0.2744036316871643,"y":-0.19140122830867768,"z":0.05581678822636604,"w":-0.9407435059547424},"size":11.457990646362305,"orthographic":false}