{"cameraMode":{"drawMode":0,"name":"Shaded","section":"Shading Mode"},"sceneLighting":false,"audioPlay":false,"sceneViewState":{"showFog":false,"showMaterialUpdate":false,"showSkybox":false,"showFlares":false,"showImageEffects":false,"showParticleSystems":false},"in2DMode":false,"pivot":{"x":-0.000003814697265625,"y":8.196221351623536,"z":-0.0000019073486328125},"rotation":{"x":0.1387026160955429,"y":-0.6916022300720215,"z":0.13830427825450898,"w":0.6953839063644409},"size":53.56392288208008,"orthographic":false}