{"cameraMode":{"drawMode":0,"name":"Shaded","section":"Shading Mode"},"sceneLighting":false,"audioPlay":false,"sceneViewState":{"showFog":true,"showMaterialUpdate":false,"showSkybox":false,"showFlares":true,"showImageEffects":true,"showParticleSystems":true},"in2DMode":false,"pivot":{"x":2.2778100967407228,"y":0.8460767269134522,"z":-12.175971984863282},"rotation":{"x":-0.021184729412198068,"y":0.668541669845581,"z":0.0190589539706707,"w":0.7431292533874512},"size":5.8416595458984379,"orthographic":false}