{"cameraMode":{"drawMode":0,"name":"Shaded","section":"Shading Mode"},"sceneLighting":true,"audioPlay":false,"sceneViewState":{"showFog":false,"showMaterialUpdate":false,"showSkybox":false,"showFlares":false,"showImageEffects":false,"showParticleSystems":false},"in2DMode":false,"pivot":{"x":-4.409182071685791,"y":5.475321292877197,"z":6.88529634475708},"rotation":{"x":0.08705370873212815,"y":-0.05762166157364845,"z":0.005046302452683449,"w":0.9945328831672669},"size":14.174894332885743,"orthographic":false}