{"cameraMode":{"drawMode":0,"name":"Shaded","section":"Shading Mode"},"sceneLighting":false,"audioPlay":false,"sceneViewState":{"showFog":true,"showMaterialUpdate":false,"showSkybox":false,"showFlares":true,"showImageEffects":true,"showParticleSystems":true},"in2DMode":false,"pivot":{"x":1.4686031341552735,"y":-0.46899890899658205,"z":-5.860527038574219},"rotation":{"x":-0.1478355973958969,"y":-0.1574285626411438,"z":0.023841386660933496,"w":-0.9761200547218323},"size":7.525252819061279,"orthographic":false}