{"cameraMode":{"drawMode":0,"name":"Shaded","section":"Shading Mode"},"sceneLighting":false,"audioPlay":false,"sceneViewState":{"showFog":false,"showMaterialUpdate":false,"showSkybox":false,"showFlares":false,"showImageEffects":false,"showParticleSystems":false},"in2DMode":false,"pivot":{"x":-4.803462505340576,"y":0.8212509155273438,"z":-5.807701587677002},"rotation":{"x":0.3562920391559601,"y":0.6256241202354431,"z":-0.38687339425086977,"w":0.5762078166007996},"size":12.612180709838868,"orthographic":false}