{"cameraMode":{"drawMode":0,"name":"Shaded","section":"Shading Mode"},"sceneLighting":false,"audioPlay":false,"sceneViewState":{"showFog":false,"showMaterialUpdate":false,"showSkybox":false,"showFlares":false,"showImageEffects":false,"showParticleSystems":false},"in2DMode":false,"pivot":{"x":6.109476089477539e-7,"y":0.22853149473667146,"z":-1.4901161193847657e-7},"rotation":{"x":0.09881740808486939,"y":-0.8939801454544067,"z":0.36311617493629458,"w":0.24338817596435548},"size":1.2408571243286133,"orthographic":false}