{"cameraMode":{"drawMode":0,"name":"Shaded","section":"Shading Mode"},"sceneLighting":false,"audioPlay":false,"sceneViewState":{"showFog":false,"showMaterialUpdate":false,"showSkybox":false,"showFlares":false,"showImageEffects":false,"showParticleSystems":false},"in2DMode":false,"pivot":{"x":-0.7200250625610352,"y":3.83235502243042,"z":1.1318511962890626},"rotation":{"x":0.025545356795191766,"y":0.5961090326309204,"z":-0.018951065838336946,"w":0.8023108839988709},"size":12.295729637145996,"orthographic":false}