{"cameraMode":{"drawMode":0,"name":"Shaded","section":"Shading Mode"},"sceneLighting":false,"audioPlay":false,"sceneViewState":{"showFog":false,"showMaterialUpdate":false,"showSkybox":false,"showFlares":false,"showImageEffects":false,"showParticleSystems":false},"in2DMode":false,"pivot":{"x":5.570000648498535,"y":1.9800000190734864,"z":1.5319265127182007},"rotation":{"x":-0.00383669207803905,"y":-0.9934213161468506,"z":0.10921528190374375,"w":-0.034855328500270846},"size":1.4334542751312256,"orthographic":false}