{"cameraMode":{"drawMode":0,"name":"Shaded","section":"Shading Mode"},"sceneLighting":true,"audioPlay":false,"sceneViewState":{"showFog":false,"showMaterialUpdate":false,"showSkybox":false,"showFlares":false,"showImageEffects":false,"showParticleSystems":false},"in2DMode":false,"pivot":{"x":21.010093688964845,"y":12.360455513000489,"z":-31.763656616210939},"rotation":{"x":-0.018288400024175645,"y":-0.9800962805747986,"z":0.10837579518556595,"w":-0.16570359468460084},"size":59.666648864746097,"orthographic":false}