{"cameraMode":{"drawMode":0,"name":"Shaded","section":"Shading Mode"},"sceneLighting":true,"audioPlay":false,"sceneViewState":{"showFog":false,"showMaterialUpdate":false,"showSkybox":false,"showFlares":false,"showImageEffects":false,"showParticleSystems":false},"in2DMode":false,"pivot":{"x":9.821311950683594,"y":3.1053967475891115,"z":15.654337882995606},"rotation":{"x":0.103355273604393,"y":0.5808191895484924,"z":-0.07470833510160446,"w":0.804558515548706},"size":4.24523401260376,"orthographic":false}