{"cameraMode":{"drawMode":0,"name":"Shaded","section":"Shading Mode"},"sceneLighting":false,"audioPlay":false,"sceneViewState":{"showFog":false,"showMaterialUpdate":false,"showSkybox":false,"showFlares":false,"showImageEffects":false,"showParticleSystems":false},"in2DMode":false,"pivot":{"x":0.0,"y":0.4568191170692444,"z":-0.0000011920928955078126},"rotation":{"x":0.08466006815433502,"y":0.8920311331748962,"z":-0.18762415647506715,"w":0.4025000035762787},"size":5.404947280883789,"orthographic":false}