{"cameraMode":{"drawMode":0,"name":"Shaded","section":"Shading Mode"},"sceneLighting":false,"audioPlay":false,"sceneViewState":{"showFog":false,"showMaterialUpdate":false,"showSkybox":false,"showFlares":false,"showImageEffects":false,"showParticleSystems":false},"in2DMode":false,"pivot":{"x":-0.5206311941146851,"y":-0.004133351147174835,"z":-0.10743234306573868},"rotation":{"x":0.07689125835895539,"y":0.678093671798706,"z":-0.07167449593544007,"w":0.7274299263954163},"size":5.541659355163574,"orthographic":false}