{"cameraMode":{"drawMode":0,"name":"Shaded","section":"Shading Mode"},"sceneLighting":false,"audioPlay":false,"sceneViewState":{"showFog":false,"showMaterialUpdate":false,"showSkybox":false,"showFlares":false,"showImageEffects":false,"showParticleSystems":false},"in2DMode":false,"pivot":{"x":-0.4321914315223694,"y":0.9257616400718689,"z":-11.600035667419434},"rotation":{"x":-0.03446561470627785,"y":0.9654066562652588,"z":-0.17448747158050538,"w":-0.19069215655326844},"size":2.744046449661255,"orthographic":false}