{"cameraMode":{"drawMode":0,"name":"Shaded","section":"Shading Mode"},"sceneLighting":false,"audioPlay":false,"sceneViewState":{"showFog":false,"showMaterialUpdate":false,"showSkybox":false,"showFlares":false,"showImageEffects":false,"showParticleSystems":false},"in2DMode":false,"pivot":{"x":21.8765811920166,"y":1.0561606884002686,"z":1.6125237941741944},"rotation":{"x":0.021274615079164506,"y":-0.9207887053489685,"z":0.05071500688791275,"w":0.3861824572086334},"size":1.5440466403961182,"orthographic":false}