{"cameraMode":{"drawMode":0,"name":"Shaded","section":"Shading Mode"},"sceneLighting":false,"audioPlay":false,"sceneViewState":{"showFog":false,"showMaterialUpdate":false,"showSkybox":false,"showFlares":false,"showImageEffects":false,"showParticleSystems":false},"in2DMode":false,"pivot":{"x":-3.0793116092681886,"y":0.018509715795516969,"z":2.083714008331299},"rotation":{"x":0.02623288333415985,"y":-0.4138820767402649,"z":0.011905308812856675,"w":0.9099181294441223},"size":5.50490665435791,"orthographic":false}