{"cameraMode":{"drawMode":0,"name":"Shaded","section":"Shading Mode"},"sceneLighting":false,"audioPlay":false,"sceneViewState":{"showFog":false,"showMaterialUpdate":false,"showSkybox":false,"showFlares":false,"showImageEffects":false,"showParticleSystems":false},"in2DMode":false,"pivot":{"x":4.866782188415527,"y":0.2708941698074341,"z":12.285951614379883},"rotation":{"x":-0.22076191008090974,"y":0.7791794538497925,"z":-0.4078354239463806,"w":-0.4221372604370117},"size":2.1653668880462648,"orthographic":false}