{"cameraMode":{"drawMode":0,"name":"Shaded","section":"Shading Mode"},"sceneLighting":false,"audioPlay":false,"sceneViewState":{"showFog":false,"showMaterialUpdate":false,"showSkybox":false,"showFlares":false,"showImageEffects":false,"showParticleSystems":false},"in2DMode":false,"pivot":{"x":-0.0000019073486328125,"y":0.18649864196777345,"z":0.9557318687438965},"rotation":{"x":0.017352255061268808,"y":-0.9097607731819153,"z":0.4131801724433899,"w":0.038149211555719379},"size":9.452722549438477,"orthographic":false}