{"cameraMode":{"drawMode":0,"name":"Shaded","section":"Shading Mode"},"sceneLighting":false,"audioPlay":false,"sceneViewState":{"showFog":false,"showMaterialUpdate":false,"showSkybox":false,"showFlares":false,"showImageEffects":false,"showParticleSystems":false},"in2DMode":false,"pivot":{"x":-4.349862575531006,"y":1.1960995197296143,"z":1.0800400972366334},"rotation":{"x":-0.15424352884292603,"y":-0.7129263877868652,"z":0.16564814746379853,"w":-0.6637556552886963},"size":4.012850284576416,"orthographic":false}