{"cameraMode":{"drawMode":0,"name":"Shaded","section":"Shading Mode"},"sceneLighting":false,"audioPlay":false,"sceneViewState":{"showFog":false,"showMaterialUpdate":false,"showSkybox":false,"showFlares":false,"showImageEffects":false,"showParticleSystems":false},"in2DMode":false,"pivot":{"x":15.927711486816407,"y":1.2772648334503174,"z":-15.437227249145508},"rotation":{"x":0.002655423479154706,"y":0.9959785342216492,"z":-0.08417069911956787,"w":0.03136863186955452},"size":2.209808826446533,"orthographic":false}