{"cameraMode":{"drawMode":0,"name":"Shaded","section":"Shading Mode"},"sceneLighting":true,"audioPlay":false,"sceneViewState":{"showFog":false,"showMaterialUpdate":false,"showSkybox":false,"showFlares":false,"showImageEffects":false,"showParticleSystems":false},"in2DMode":false,"pivot":{"x":-4.470348358154297e-8,"y":0.2781416177749634,"z":-4.76837158203125e-7},"rotation":{"x":-0.03312797471880913,"y":-0.8502147197723389,"z":0.053907252848148349,"w":-0.5227296948432922},"size":1.1146483421325684,"orthographic":false}