{"cameraMode":{"drawMode":0,"name":"Shaded","section":"Shading Mode"},"sceneLighting":true,"audioPlay":false,"sceneViewState":{"showFog":false,"showMaterialUpdate":false,"showSkybox":false,"showFlares":false,"showImageEffects":false,"showParticleSystems":false},"in2DMode":false,"pivot":{"x":17.518692016601564,"y":4.647782802581787,"z":1.8125014305114747},"rotation":{"x":0.08085859566926956,"y":-0.9022811651229858,"z":0.1937294900417328,"w":0.3765934705734253},"size":31.555747985839845,"orthographic":false}