{"cameraMode":{"drawMode":0,"name":"Shaded","section":"Shading Mode"},"sceneLighting":false,"audioPlay":false,"sceneViewState":{"showFog":false,"showMaterialUpdate":false,"showSkybox":false,"showFlares":false,"showImageEffects":false,"showParticleSystems":false},"in2DMode":false,"pivot":{"x":0.7763878107070923,"y":1.7141233682632447,"z":-3.0502126216888429},"rotation":{"x":-0.003968056757003069,"y":0.9927339553833008,"z":-0.1154857724905014,"w":-0.0339658185839653},"size":9.14375114440918,"orthographic":false}