{"cameraMode":{"drawMode":0,"name":"Shaded","section":"Shading Mode"},"sceneLighting":false,"audioPlay":false,"sceneViewState":{"showFog":false,"showMaterialUpdate":false,"showSkybox":false,"showFlares":false,"showImageEffects":false,"showParticleSystems":false},"in2DMode":false,"pivot":{"x":0.1636907160282135,"y":0.8136717081069946,"z":-2.578303813934326},"rotation":{"x":0.0027396136429160835,"y":-0.9924103021621704,"z":0.1214885264635086,"w":0.022249609231948854},"size":7.668109893798828,"orthographic":false}