{"cameraMode":{"drawMode":0,"name":"Shaded","section":"Shading Mode"},"sceneLighting":false,"audioPlay":false,"sceneViewState":{"showFog":false,"showMaterialUpdate":false,"showSkybox":false,"showFlares":false,"showImageEffects":false,"showParticleSystems":false},"in2DMode":false,"pivot":{"x":-0.4773308038711548,"y":2.903512954711914,"z":0.7633007168769836},"rotation":{"x":0.3434029221534729,"y":-0.6160041689872742,"z":0.3399927318096161,"w":0.6222229599952698},"size":6.68750524520874,"orthographic":false}