{"cameraMode":{"drawMode":0,"name":"Shaded","section":"Shading Mode"},"sceneLighting":false,"audioPlay":false,"sceneViewState":{"showFog":false,"showMaterialUpdate":false,"showSkybox":false,"showFlares":false,"showImageEffects":false,"showParticleSystems":false},"in2DMode":false,"pivot":{"x":0.20402304828166963,"y":-0.1337108016014099,"z":0.2090623378753662},"rotation":{"x":0.4411223530769348,"y":0.26876431703567507,"z":-0.14041143655776978,"w":0.8447136878967285},"size":1.0887079238891602,"orthographic":false}