{"cameraMode":{"drawMode":0,"name":"Shaded","section":"Shading Mode"},"sceneLighting":true,"audioPlay":false,"sceneViewState":{"showFog":false,"showMaterialUpdate":false,"showSkybox":false,"showFlares":false,"showImageEffects":false,"showParticleSystems":false},"in2DMode":false,"pivot":{"x":373.5644836425781,"y":444.31622314453127,"z":77.0828857421875},"rotation":{"x":-0.059614960104227069,"y":-0.03680044412612915,"z":-0.0021979189477860929,"w":0.9975529313087463},"size":680.8742065429688,"orthographic":false}