{"cameraMode":{"drawMode":0,"name":"Shaded","section":"Shading Mode"},"sceneLighting":false,"audioPlay":false,"sceneViewState":{"showFog":false,"showMaterialUpdate":false,"showSkybox":false,"showFlares":false,"showImageEffects":false,"showParticleSystems":false},"in2DMode":false,"pivot":{"x":35.54560470581055,"y":3.959836959838867,"z":2.2273330688476564},"rotation":{"x":0.0967407152056694,"y":0.8551772236824036,"z":-0.17202267050743104,"w":0.4797016978263855},"size":59.677406311035159,"orthographic":false}