{"cameraMode":{"drawMode":0,"name":"Shaded","section":"Shading Mode"},"sceneLighting":false,"audioPlay":false,"sceneViewState":{"showFog":false,"showMaterialUpdate":false,"showSkybox":false,"showFlares":false,"showImageEffects":false,"showParticleSystems":false},"in2DMode":false,"pivot":{"x":0.05166769027709961,"y":3.861690044403076,"z":-4.164852142333984},"rotation":{"x":0.0027396136429160835,"y":-0.9924103021621704,"z":0.1214885264635086,"w":0.022249609231948854},"size":17.010536193847658,"orthographic":false}