{"cameraMode":{"drawMode":0,"name":"Shaded","section":"Shading Mode"},"sceneLighting":false,"audioPlay":false,"sceneViewState":{"showFog":false,"showMaterialUpdate":false,"showSkybox":false,"showFlares":false,"showImageEffects":false,"showParticleSystems":false},"in2DMode":false,"pivot":{"x":-0.3491230010986328,"y":1.057281494140625,"z":-0.036873817443847659},"rotation":{"x":0.0017826402327045799,"y":-0.9806814789772034,"z":0.19554117321968079,"w":0.009121830575168133},"size":3.6872124671936037,"orthographic":false}