{"cameraMode":{"drawMode":0,"name":"Shaded","section":"Shading Mode"},"sceneLighting":false,"audioPlay":false,"sceneViewState":{"showFog":false,"showMaterialUpdate":false,"showSkybox":false,"showFlares":false,"showImageEffects":false,"showParticleSystems":false},"in2DMode":false,"pivot":{"x":-1.7303117513656617,"y":0.6599942445755005,"z":-7.636845111846924e-7},"rotation":{"x":0.09881740808486939,"y":-0.8939801454544067,"z":0.36311617493629458,"w":0.24338817596435548},"size":6.178473949432373,"orthographic":false}