{"cameraMode":{"drawMode":0,"name":"Shaded","section":"Shading Mode"},"sceneLighting":false,"audioPlay":false,"sceneViewState":{"showFog":false,"showMaterialUpdate":false,"showSkybox":false,"showFlares":false,"showImageEffects":false,"showParticleSystems":false},"in2DMode":false,"pivot":{"x":1.1920928955078126e-7,"y":0.3234287202358246,"z":0.0},"rotation":{"x":0.007776986807584763,"y":0.9471452832221985,"z":-0.3199954032897949,"w":0.023013051599264146},"size":1.8795573711395264,"orthographic":false}