{"cameraMode":{"drawMode":0,"name":"Shaded","section":"Shading Mode"},"sceneLighting":false,"audioPlay":false,"sceneViewState":{"showFog":false,"showMaterialUpdate":false,"showSkybox":false,"showFlares":false,"showImageEffects":false,"showParticleSystems":false},"in2DMode":false,"pivot":{"x":-0.35276031494140627,"y":4.029792308807373,"z":-1.0696182250976563},"rotation":{"x":0.0910971537232399,"y":0.35867878794670107,"z":-0.03519188240170479,"w":0.9283727407455444},"size":13.727240562438965,"orthographic":false}