{"cameraMode":{"drawMode":0,"name":"Shaded","section":"Shading Mode"},"sceneLighting":false,"audioPlay":false,"sceneViewState":{"showFog":false,"showMaterialUpdate":false,"showSkybox":false,"showFlares":false,"showImageEffects":false,"showParticleSystems":false},"in2DMode":false,"pivot":{"x":0.0,"y":0.4158652424812317,"z":0.0000011920928955078126},"rotation":{"x":0.2650328576564789,"y":0.3585180342197418,"z":-0.1069156676530838,"w":0.888754665851593},"size":5.261051654815674,"orthographic":false}