{"cameraMode":{"drawMode":0,"name":"Shaded","section":"Shading Mode"},"sceneLighting":false,"audioPlay":false,"sceneViewState":{"showFog":false,"showMaterialUpdate":false,"showSkybox":false,"showFlares":false,"showImageEffects":false,"showParticleSystems":false},"in2DMode":false,"pivot":{"x":-1.0459372997283936,"y":1.181146264076233,"z":-12.534167289733887},"rotation":{"x":0.25358912348747256,"y":-0.0548006035387516,"z":0.0143930334597826,"w":0.9656540155410767},"size":3.3452341556549074,"orthographic":false}