{"cameraMode":{"drawMode":0,"name":"Shaded","section":"Shading Mode"},"sceneLighting":true,"audioPlay":false,"sceneViewState":{"showFog":false,"showMaterialUpdate":false,"showSkybox":false,"showFlares":false,"showImageEffects":false,"showParticleSystems":false},"in2DMode":false,"pivot":{"x":-1.1942024230957032,"y":3.3868861198425295,"z":-10.808913230895996},"rotation":{"x":-0.2181137055158615,"y":0.6519871354103088,"z":-0.20405007898807527,"w":-0.6969241499900818},"size":2.91225528717041,"orthographic":false}