{"cameraMode":{"drawMode":0,"name":"Shaded","section":"Shading Mode"},"sceneLighting":true,"audioPlay":false,"sceneViewState":{"showFog":false,"showMaterialUpdate":false,"showSkybox":false,"showFlares":false,"showImageEffects":false,"showParticleSystems":false},"in2DMode":false,"pivot":{"x":7.12953519821167,"y":4.265316009521484,"z":-22.73992919921875},"rotation":{"x":-0.21159878373146058,"y":-0.7885420918464661,"z":0.40812477469444277,"w":-0.40873315930366518},"size":9.894092559814454,"orthographic":false}