{"cameraMode":{"drawMode":0,"name":"Shaded","section":"Shading Mode"},"sceneLighting":true,"audioPlay":false,"sceneViewState":{"showFog":false,"showMaterialUpdate":false,"showSkybox":false,"showFlares":false,"showImageEffects":false,"showParticleSystems":false},"in2DMode":false,"pivot":{"x":3.0115602016448976,"y":13.666515350341797,"z":4.709603309631348},"rotation":{"x":0.05702715367078781,"y":-0.9351330995559692,"z":0.30192869901657107,"w":0.17654411494731904},"size":12.659202575683594,"orthographic":false}